Summary,Issue key,Issue id,Issue Type,Status,Project key,Project name,Created,Resolved,Component/s,Labels,Custom field (Story Points),Custom field (Blocked),Custom field (Flagged),Custom field (Age),Sprint,Priority,Custom field (Epic Link),Outward issue link (Dependency),Inward issue link (Dependency)
[Alpha Squad] Sample work item 1001,AIOP-1001,10001001,Story,Done,AIOP,Perception & Parking SW Group,4/Nov/25 10:43 AM,11/Nov/25 10:43 AM,Alpha Squad,data-pipeline,5,,,,PMD_25PI4_Sprint1 [COMPLETED],Must (1),AIOP-111,,
[Alpha Squad] Sample work item 1002,AIOP-1002,10001002,Task,Done,AIOP,Perception & Parking SW Group,3/Nov/25 11:44 AM,6/Nov/25 11:44 AM,Alpha Squad,frontend,,,,,PMD_25PI4_Sprint1 [COMPLETED],Could (3),AIOP-113,AIOP-1000,
[Alpha Squad] Sample work item 1003,AIOP-1003,10001003,Bug,Done,AIOP,Perception & Parking SW Group,7/Nov/25 2:36 PM,10/Nov/25 2:36 PM,Alpha Squad,tech-debt,3,,,,PMD_25PI4_Sprint1 [COMPLETED],Could (3),AIOP-110,,
[Alpha Squad] Sample work item 1004,AIOP-1004,10001004,Bug,Implementing,AIOP,Perception & Parking SW Group,3/Nov/25 11:34 AM,,Alpha Squad,infra,,,,190,PMD_25PI4_Sprint1 [ACTIVE],Should (2),AIOP-187,,
[Alpha Squad] Sample work item 1005,AIOP-1005,10001005,Task,Blocked,AIOP,Perception & Parking SW Group,7/Nov/25 2:13 PM,,Alpha Squad,tech-debt,5,,,185,PMD_25PI4_Sprint1 [ACTIVE],Could (3),AIOP-117,,
[Alpha Squad] Sample work item 1006,AIOP-1006,10001006,Story,Done,AIOP,Perception & Parking SW Group,11/Nov/25 3:38 PM,12/Nov/25 3:38 PM,Alpha Squad,data-pipeline,13,,,,PMD_25PI4_Sprint1 [COMPLETED],Must (1),AIOP-187,,
[Alpha Squad] Sample work item 1007,AIOP-1007,10001007,Story,Funnel,AIOP,Perception & Parking SW Group,11/Nov/25 4:00 PM,,Alpha Squad,data-pipeline,8,,,181,PMD_25PI4_Sprint1 [ACTIVE],Must (1),AIOP-180,,
[Alpha Squad] Sample work item 1008,AIOP-1008,10001008,Story,Done,AIOP,Perception & Parking SW Group,12/Nov/25 1:15 PM,21/Nov/25 1:15 PM,Alpha Squad,backend,2,,,,PMD_25PI4_Sprint1 [COMPLETED] + Sprint2 [COMPLETED],Won't (4),AIOP-108,,
[Alpha Squad] Sample work item 1009,AIOP-1009,10001009,Task,Funnel,AIOP,Perception & Parking SW Group,11/Nov/25 1:25 PM,,Alpha Squad,data-pipeline,5,,,181,PMD_25PI4_Sprint1 [ACTIVE],Should (2),AIOP-128,AIOP-1000,
[Alpha Squad] Sample work item 1010,AIOP-1010,10001010,Story,Done,AIOP,Perception & Parking SW Group,20/Nov/25 12:34 PM,27/Nov/25 12:34 PM,Alpha Squad,data-pipeline,5,,,,PMD_25PI4_Sprint2 [COMPLETED],Should (2),AIOP-200,,
[Alpha Squad] Sample work item 1011,AIOP-1011,10001011,Story,Done,AIOP,Perception & Parking SW Group,19/Nov/25 10:15 AM,29/Nov/25 10:15 AM,Alpha Squad,frontend,5,,,,PMD_25PI4_Sprint2 [COMPLETED],Could (3),AIOP-159,,
[Alpha Squad] Sample work item 1012,AIOP-1012,10001012,Story,In Progress,AIOP,Perception & Parking SW Group,20/Nov/25 4:13 PM,,Alpha Squad,backend,,,,172,PMD_25PI4_Sprint2 [ACTIVE],Could (3),AIOP-200,,
[Alpha Squad] Sample work item 1013,AIOP-1013,10001013,Bug,Done,AIOP,Perception & Parking SW Group,17/Nov/25 2:03 PM,18/Nov/25 2:03 PM,Alpha Squad,backend,,,,,PMD_25PI4_Sprint2 [COMPLETED],Must (1),AIOP-123,AIOP-1001,
[Alpha Squad] Sample work item 1014,AIOP-1014,10001014,Bug,Implementing,AIOP,Perception & Parking SW Group,20/Nov/25 5:20 PM,,Alpha Squad,infra,3,,,172,PMD_25PI4_Sprint2 [ACTIVE],Won't (4),AIOP-116,,
[Alpha Squad] Sample work item 1015,AIOP-1015,10001015,Story,Done,AIOP,Perception & Parking SW Group,26/Nov/25 10:56 AM,3/Dec/25 10:56 AM,Alpha Squad,infra,5,,,,PMD_25PI4_Sprint2 [COMPLETED] + Sprint3 [COMPLETED],Must (1),AIOP-185,,
[Alpha Squad] Sample work item 1016,AIOP-1016,10001016,Story,Done,AIOP,Perception & Parking SW Group,28/Nov/25 12:45 PM,3/Dec/25 12:45 PM,Alpha Squad,infra,,,,,PMD_25PI4_Sprint2 [COMPLETED] + Sprint3 [COMPLETED],Must (1),AIOP-111,,
[Alpha Squad] Sample work item 1017,AIOP-1017,10001017,Bug,Done,AIOP,Perception & Parking SW Group,28/Nov/25 3:35 PM,11/Dec/25 3:35 PM,Alpha Squad,data-pipeline,1,,,,PMD_25PI4_Sprint2 [COMPLETED] + Sprint3 [COMPLETED],Could (3),AIOP-174,,
[Alpha Squad] Sample work item 1018,AIOP-1018,10001018,Story,Blocked,AIOP,Perception & Parking SW Group,25/Nov/25 10:22 AM,,Alpha Squad,tech-debt,2,,,168,PMD_25PI4_Sprint2 [ACTIVE],Should (2),AIOP-120,,
[Alpha Squad] Sample work item 1019,AIOP-1019,10001019,Story,Funnel,AIOP,Perception & Parking SW Group,26/Nov/25 3:51 PM,,Alpha Squad,infra,2,,,166,PMD_25PI4_Sprint2 [ACTIVE],Must (1),AIOP-148,,
[Alpha Squad] Sample work item 1020,AIOP-1020,10001020,Story,Blocked,AIOP,Perception & Parking SW Group,24/Nov/25 1:22 PM,,Alpha Squad,,5,,,168,PMD_25PI4_Sprint2 [ACTIVE],Must (1),AIOP-114,,
[Alpha Squad] Sample work item 1021,AIOP-1021,10001021,Bug,Implementing,AIOP,Perception & Parking SW Group,28/Nov/25 10:24 AM,,Alpha Squad,tech-debt,5,,,165,PMD_25PI4_Sprint2 [ACTIVE],Should (2),AIOP-146,,
[Alpha Squad] Sample work item 1022,AIOP-1022,10001022,Bug,Done,AIOP,Perception & Parking SW Group,3/Dec/25 5:19 PM,7/Dec/25 5:19 PM,Alpha Squad,tech-debt,3,,,,PMD_25PI4_Sprint3 [COMPLETED],Should (2),AIOP-124,,
[Alpha Squad] Sample work item 1023,AIOP-1023,10001023,Story,Done,AIOP,Perception & Parking SW Group,4/Dec/25 2:29 PM,10/Dec/25 2:29 PM,Alpha Squad,data-pipeline,5,,,,PMD_25PI4_Sprint3 [COMPLETED],Should (2),AIOP-184,AIOP-1016,
[Alpha Squad] Sample work item 1024,AIOP-1024,10001024,Story,In Progress,AIOP,Perception & Parking SW Group,1/Dec/25 12:30 PM,,Alpha Squad,tech-debt,5,,,161,PMD_25PI4_Sprint3 [ACTIVE],Won't (4),AIOP-163,,
[Alpha Squad] Sample work item 1025,AIOP-1025,10001025,Story,Done,AIOP,Perception & Parking SW Group,11/Dec/25 5:35 PM,19/Dec/25 5:35 PM,Alpha Squad,ml,5,,,,PMD_25PI4_Sprint3 [COMPLETED] + Sprint4 [COMPLETED],Won't (4),AIOP-170,,
[Alpha Squad] Sample work item 1026,AIOP-1026,10001026,Story,Done,AIOP,Perception & Parking SW Group,9/Dec/25 1:49 PM,14/Dec/25 1:49 PM,Alpha Squad,tech-debt,3,,,,PMD_25PI4_Sprint3 [COMPLETED],Could (3),AIOP-142,,
[Alpha Squad] Sample work item 1027,AIOP-1027,10001027,Story,Done,AIOP,Perception & Parking SW Group,11/Dec/25 2:34 PM,24/Dec/25 2:34 PM,Alpha Squad,,5,,,,PMD_25PI4_Sprint3 [COMPLETED] + Sprint4 [COMPLETED],Must (1),AIOP-197,,
[Alpha Squad] Sample work item 1028,AIOP-1028,10001028,Story,To Do,AIOP,Perception & Parking SW Group,11/Dec/25 3:34 PM,,Alpha Squad,frontend,5,,,151,PMD_25PI4_Sprint3 [ACTIVE],Could (3),AIOP-155,,
[Alpha Squad] Sample work item 1029,AIOP-1029,10001029,Story,Implementing,AIOP,Perception & Parking SW Group,11/Dec/25 9:05 AM,,Alpha Squad,frontend,1,,,152,PMD_25PI4_Sprint3 [ACTIVE],Won't (4),AIOP-141,,
[Alpha Squad] Sample work item 1030,AIOP-1030,10001030,Story,Done,AIOP,Perception & Parking SW Group,15/Dec/25 4:01 PM,26/Dec/25 4:01 PM,Alpha Squad,infra,3,,,,PMD_25PI4_Sprint4 [COMPLETED],Must (1),AIOP-199,,AIOP-1000
[Alpha Squad] Sample work item 1031,AIOP-1031,10001031,Story,Done,AIOP,Perception & Parking SW Group,15/Dec/25 11:15 AM,21/Dec/25 11:15 AM,Alpha Squad,tech-debt,3,,,,PMD_25PI4_Sprint4 [COMPLETED],Could (3),AIOP-121,,
[Alpha Squad] Sample work item 1032,AIOP-1032,10001032,Bug,Review,AIOP,Perception & Parking SW Group,16/Dec/25 1:06 PM,,Alpha Squad,ml,5,,,146,PMD_25PI4_Sprint4 [ACTIVE],Should (2),AIOP-109,,
[Alpha Squad] Sample work item 1033,AIOP-1033,10001033,Story,In Progress,AIOP,Perception & Parking SW Group,17/Dec/25 10:32 AM,,Alpha Squad,,5,,,146,PMD_25PI4_Sprint4 [ACTIVE],Won't (4),AIOP-146,,
[Alpha Squad] Sample work item 1034,AIOP-1034,10001034,Story,Done,AIOP,Perception & Parking SW Group,26/Dec/25 4:29 PM,4/Jan/26 4:29 PM,Alpha Squad,infra,3,,,,PMD_25PI4_Sprint4 [COMPLETED] + Sprint5 [COMPLETED],Should (2),AIOP-111,,
[Alpha Squad] Sample work item 1035,AIOP-1035,10001035,Bug,Review,AIOP,Perception & Parking SW Group,25/Dec/25 2:01 PM,,Alpha Squad,frontend,3,,,137,PMD_25PI4_Sprint4 [ACTIVE],Could (3),AIOP-143,,
[Alpha Squad] Sample work item 1036,AIOP-1036,10001036,Bug,Done,AIOP,Perception & Parking SW Group,26/Dec/25 12:05 PM,30/Dec/25 12:05 PM,Alpha Squad,ml,8,,,,PMD_25PI4_Sprint4 [COMPLETED] + Sprint5 [COMPLETED],Won't (4),AIOP-157,,AIOP-1014
[Alpha Squad] Sample work item 1037,AIOP-1037,10001037,Bug,Review,AIOP,Perception & Parking SW Group,24/Dec/25 3:47 PM,,Alpha Squad,infra,3,,,138,PMD_25PI4_Sprint4 [ACTIVE],Should (2),AIOP-115,,
[Alpha Squad] Sample work item 1038,AIOP-1038,10001038,Spike,Review,AIOP,Perception & Parking SW Group,23/Dec/25 12:13 PM,,Alpha Squad,,5,,,140,PMD_25PI4_Sprint4 [ACTIVE],Could (3),AIOP-112,,
[Alpha Squad] Sample work item 1039,AIOP-1039,10001039,Task,Done,AIOP,Perception & Parking SW Group,2/Jan/26 1:30 PM,5/Jan/26 1:30 PM,Alpha Squad,,5,,,,PMD_25PI4_Sprint5 [COMPLETED],Must (1),AIOP-151,,
[Alpha Squad] Sample work item 1040,AIOP-1040,10001040,Spike,Done,AIOP,Perception & Parking SW Group,29/Dec/25 5:48 PM,2/Jan/26 5:48 PM,Alpha Squad,ml,5,,,,PMD_25PI4_Sprint5 [COMPLETED],Won't (4),AIOP-138,,
[Alpha Squad] Sample work item 1041,AIOP-1041,10001041,Bug,Done,AIOP,Perception & Parking SW Group,31/Dec/25 10:10 AM,6/Jan/26 10:10 AM,Alpha Squad,tech-debt,5,,,,PMD_25PI4_Sprint5 [COMPLETED],Could (3),AIOP-104,,
[Alpha Squad] Sample work item 1042,AIOP-1042,10001042,Story,To Do,AIOP,Perception & Parking SW Group,30/Dec/25 1:50 PM,,Alpha Squad,frontend,5,,,132,PMD_25PI4_Sprint5 [ACTIVE],Should (2),AIOP-182,,
[Alpha Squad] Sample work item 1043,AIOP-1043,10001043,Story,Blocked,AIOP,Perception & Parking SW Group,31/Dec/25 3:17 PM,,Alpha Squad,data-pipeline,1,,,131,PMD_25PI4_Sprint5 [ACTIVE],Won't (4),AIOP-194,,
[Alpha Squad] Sample work item 1044,AIOP-1044,10001044,Story,Done,AIOP,Perception & Parking SW Group,7/Jan/26 11:37 AM,18/Jan/26 11:37 AM,Alpha Squad,ml,3,,,,PMD_25PI4_Sprint5 [COMPLETED] + Sprint6 [COMPLETED],Must (1),AIOP-120,,
[Alpha Squad] Sample work item 1045,AIOP-1045,10001045,Story,Blocked,AIOP,Perception & Parking SW Group,7/Jan/26 2:07 PM,,Alpha Squad,,,,,124,PMD_25PI4_Sprint5 [ACTIVE],Won't (4),AIOP-152,AIOP-1033,
[Alpha Squad] Sample work item 1046,AIOP-1046,10001046,Bug,Review,AIOP,Perception & Parking SW Group,5/Jan/26 12:17 PM,,Alpha Squad,tech-debt,5,,,126,PMD_25PI4_Sprint5 [ACTIVE],Must (1),AIOP-180,,
[Alpha Squad] Sample work item 1047,AIOP-1047,10001047,Story,Done,AIOP,Perception & Parking SW Group,7/Jan/26 5:45 PM,14/Jan/26 5:45 PM,Alpha Squad,ml,3,,,,PMD_25PI4_Sprint5 [COMPLETED] + Sprint6 [COMPLETED],Should (2),AIOP-149,,
[Alpha Squad] Sample work item 1048,AIOP-1048,10001048,Story,Blocked,AIOP,Perception & Parking SW Group,5/Jan/26 1:49 PM,,Alpha Squad,,5,,,126,PMD_25PI4_Sprint5 [ACTIVE],Must (1),AIOP-136,,
[Alpha Squad] Sample work item 1049,AIOP-1049,10001049,Task,Blocked,AIOP,Perception & Parking SW Group,6/Jan/26 3:14 PM,,Alpha Squad,tech-debt,5,Impediment,,125,PMD_25PI4_Sprint5 [ACTIVE],Won't (4),AIOP-149,,
[Alpha Squad] Sample work item 1050,AIOP-1050,10001050,Story,Done,AIOP,Perception & Parking SW Group,15/Jan/26 9:46 AM,24/Jan/26 9:46 AM,Alpha Squad,frontend,2,,,,PMD_25PI4_Sprint6 [COMPLETED],Could (3),AIOP-143,,
[Alpha Squad] Sample work item 1051,AIOP-1051,10001051,Task,Review,AIOP,Perception & Parking SW Group,12/Jan/26 10:15 AM,,Alpha Squad,tech-debt,2,,,120,PMD_25PI4_Sprint6 [ACTIVE],Must (1),AIOP-197,,
[Alpha Squad] Sample work item 1052,AIOP-1052,10001052,Story,Done,AIOP,Perception & Parking SW Group,15/Jan/26 11:15 AM,18/Jan/26 11:15 AM,Alpha Squad,backend,5,,,,PMD_25PI4_Sprint6 [COMPLETED],Won't (4),AIOP-179,,
[Alpha Squad] Sample work item 1053,AIOP-1053,10001053,Story,Done,AIOP,Perception & Parking SW Group,12/Jan/26 4:57 PM,18/Jan/26 4:57 PM,Alpha Squad,data-pipeline,3,,,,PMD_25PI4_Sprint6 [COMPLETED],Won't (4),AIOP-188,,
[Alpha Squad] Sample work item 1054,AIOP-1054,10001054,Story,Funnel,AIOP,Perception & Parking SW Group,14/Jan/26 1:44 PM,,Alpha Squad,backend,5,,,117,PMD_25PI4_Sprint6 [ACTIVE],Must (1),AIOP-177,,
[Alpha Squad] Sample work item 1055,AIOP-1055,10001055,Story,Done,AIOP,Perception & Parking SW Group,20/Jan/26 1:43 PM,25/Jan/26 1:43 PM,Alpha Squad,tech-debt,13,,,,PMD_25PI4_Sprint6 [COMPLETED],Must (1),AIOP-180,,
[Alpha Squad] Sample work item 1056,AIOP-1056,10001056,Story,Done,AIOP,Perception & Parking SW Group,23/Jan/26 2:33 PM,29/Jan/26 2:33 PM,Alpha Squad,frontend,3,,,,PMD_25PI4_Sprint6 [COMPLETED] + Sprint7 [COMPLETED],Won't (4),AIOP-137,,
[Alpha Squad] Sample work item 1057,AIOP-1057,10001057,Story,Blocked,AIOP,Perception & Parking SW Group,22/Jan/26 9:16 AM,,Alpha Squad,tech-debt,8,,,110,PMD_25PI4_Sprint6 [ACTIVE],Won't (4),AIOP-181,,
[Alpha Squad] Sample work item 1058,AIOP-1058,10001058,Task,Done,AIOP,Perception & Parking SW Group,21/Jan/26 3:07 PM,31/Jan/26 3:07 PM,Alpha Squad,backend,3,,,,PMD_25PI4_Sprint6 [COMPLETED] + Sprint7 [COMPLETED],Should (2),AIOP-149,,
[Alpha Squad] Sample work item 1059,AIOP-1059,10001059,Task,In Progress,AIOP,Perception & Parking SW Group,22/Jan/26 11:56 AM,,Alpha Squad,data-pipeline,5,,,110,PMD_25PI4_Sprint6 [ACTIVE],Could (3),AIOP-104,,
[Alpha Squad] Sample work item 1060,AIOP-1060,10001060,Story,Blocked,AIOP,Perception & Parking SW Group,21/Jan/26 12:07 PM,,Alpha Squad,frontend,8,,,111,PMD_25PI4_Sprint6 [ACTIVE],Must (1),AIOP-106,,
[Alpha Squad] Sample work item 1061,AIOP-1061,10001061,Story,Done,AIOP,Perception & Parking SW Group,27/Jan/26 11:34 AM,6/Feb/26 11:34 AM,Alpha Squad,backend,3,Impediment,,,PMD_25PI4_Sprint7 [COMPLETED],Could (3),AIOP-102,,AIOP-1047
[Alpha Squad] Sample work item 1062,AIOP-1062,10001062,Bug,Done,AIOP,Perception & Parking SW Group,30/Jan/26 10:28 AM,7/Feb/26 10:28 AM,Alpha Squad,,8,,,,PMD_25PI4_Sprint7 [COMPLETED],Could (3),AIOP-158,,AIOP-1030
[Alpha Squad] Sample work item 1063,AIOP-1063,10001063,Story,In Progress,AIOP,Perception & Parking SW Group,26/Jan/26 4:45 PM,,Alpha Squad,infra,5,,,105,PMD_25PI4_Sprint7 [ACTIVE],Must (1),AIOP-116,,
[Alpha Squad] Sample work item 1064,AIOP-1064,10001064,Story,Blocked,AIOP,Perception & Parking SW Group,26/Jan/26 5:46 PM,,Alpha Squad,frontend,5,,,105,PMD_25PI4_Sprint7 [ACTIVE],Won't (4),AIOP-151,,AIOP-1054
[Alpha Squad] Sample work item 1065,AIOP-1065,10001065,Story,Done,AIOP,Perception & Parking SW Group,28/Jan/26 11:35 AM,6/Feb/26 11:35 AM,Alpha Squad,data-pipeline,3,,,,PMD_25PI4_Sprint7 [COMPLETED],Must (1),AIOP-152,,
[Alpha Squad] Sample work item 1066,AIOP-1066,10001066,Task,In Progress,AIOP,Perception & Parking SW Group,26/Jan/26 1:38 PM,,Alpha Squad,frontend,2,,,105,PMD_25PI4_Sprint7 [ACTIVE],Won't (4),AIOP-128,,
[Alpha Squad] Sample work item 1067,AIOP-1067,10001067,Story,Done,AIOP,Perception & Parking SW Group,28/Jan/26 2:22 PM,1/Feb/26 2:22 PM,Alpha Squad,data-pipeline,8,,,,PMD_25PI4_Sprint7 [COMPLETED],Must (1),AIOP-118,,
[Alpha Squad] Sample work item 1068,AIOP-1068,10001068,Bug,In Progress,AIOP,Perception & Parking SW Group,2/Feb/26 11:10 AM,,Alpha Squad,infra,5,,,99,PMD_25PI4_Sprint7 [ACTIVE],Won't (4),AIOP-162,,
[Alpha Squad] Sample work item 1069,AIOP-1069,10001069,Story,Done,AIOP,Perception & Parking SW Group,6/Feb/26 9:00 AM,15/Feb/26 9:00 AM,Alpha Squad,,2,,,,PMD_25PI4_Sprint7 [COMPLETED] + Sprint8 [COMPLETED],Could (3),AIOP-137,,AIOP-1055
[Alpha Squad] Sample work item 1070,AIOP-1070,10001070,Story,Done,AIOP,Perception & Parking SW Group,2/Feb/26 3:01 PM,9/Feb/26 3:01 PM,Alpha Squad,infra,5,,,,PMD_25PI4_Sprint7 [COMPLETED] + Sprint8 [COMPLETED],Won't (4),AIOP-190,,
[Alpha Squad] Sample work item 1071,AIOP-1071,10001071,Story,To Do,AIOP,Perception & Parking SW Group,2/Feb/26 12:27 PM,,Alpha Squad,,3,,,98,PMD_25PI4_Sprint7 [ACTIVE],Could (3),AIOP-128,,
[Alpha Squad] Sample work item 1072,AIOP-1072,10001072,Story,Done,AIOP,Perception & Parking SW Group,3/Feb/26 1:12 PM,13/Feb/26 1:12 PM,Alpha Squad,,8,,,,PMD_25PI4_Sprint7 [COMPLETED] + Sprint8 [COMPLETED],Won't (4),AIOP-196,,
[Alpha Squad] Sample work item 1073,AIOP-1073,10001073,Story,Review,AIOP,Perception & Parking SW Group,5/Feb/26 4:40 PM,,Alpha Squad,infra,5,,,95,PMD_25PI4_Sprint7 [ACTIVE],Could (3),AIOP-159,,AIOP-1036
[Alpha Squad] Sample work item 1074,AIOP-1074,10001074,Story,Blocked,AIOP,Perception & Parking SW Group,5/Feb/26 5:09 PM,,Alpha Squad,,3,,,95,PMD_25PI4_Sprint7 [ACTIVE],Must (1),AIOP-164,,AIOP-1056
[Alpha Squad] Sample work item 1075,AIOP-1075,10001075,Story,Blocked,AIOP,Perception & Parking SW Group,10/Feb/26 2:23 PM,,Alpha Squad,infra,8,,,90,PMD_25PI4_Sprint8 [ACTIVE],Must (1),AIOP-180,,AIOP-1012
[Alpha Squad] Sample work item 1076,AIOP-1076,10001076,Bug,Blocked,AIOP,Perception & Parking SW Group,11/Feb/26 1:41 PM,,Alpha Squad,tech-debt,,,,89,PMD_25PI4_Sprint8 [ACTIVE],Could (3),AIOP-171,,
[Alpha Squad] Sample work item 1077,AIOP-1077,10001077,Bug,To Do,AIOP,Perception & Parking SW Group,13/Feb/26 10:41 AM,,Alpha Squad,infra,3,,,88,PMD_25PI4_Sprint8 [ACTIVE],Should (2),AIOP-143,,
[Alpha Squad] Sample work item 1078,AIOP-1078,10001078,Task,Done,AIOP,Perception & Parking SW Group,13/Feb/26 9:42 AM,21/Feb/26 9:42 AM,Alpha Squad,frontend,2,,,,PMD_25PI4_Sprint8 [COMPLETED],Should (2),AIOP-192,,
[Alpha Squad] Sample work item 1079,AIOP-1079,10001079,Story,Implementing,AIOP,Perception & Parking SW Group,10/Feb/26 1:51 PM,,Alpha Squad,data-pipeline,,,,90,PMD_25PI4_Sprint8 [ACTIVE],Won't (4),AIOP-198,,
[Alpha Squad] Sample work item 1080,AIOP-1080,10001080,Bug,Done,AIOP,Perception & Parking SW Group,9/Feb/26 5:54 PM,12/Feb/26 5:54 PM,Alpha Squad,frontend,3,,,,PMD_25PI4_Sprint8 [COMPLETED],Should (2),AIOP-155,AIOP-1028,
[Alpha Squad] Sample work item 1081,AIOP-1081,10001081,Story,Done,AIOP,Perception & Parking SW Group,17/Feb/26 3:05 PM,23/Feb/26 3:05 PM,Alpha Squad,backend,13,Impediment,,,PMD_25PI4_Sprint8 [COMPLETED] + Sprint9 [COMPLETED],Should (2),AIOP-117,AIOP-1060,
[Alpha Squad] Sample work item 1082,AIOP-1082,10001082,Task,Done,AIOP,Perception & Parking SW Group,20/Feb/26 5:27 PM,28/Feb/26 5:27 PM,Alpha Squad,infra,2,,,,PMD_25PI4_Sprint8 [COMPLETED] + Sprint9 [COMPLETED],Should (2),AIOP-153,,
[Alpha Squad] Sample work item 1083,AIOP-1083,10001083,Story,Implementing,AIOP,Perception & Parking SW Group,16/Feb/26 2:15 PM,,Alpha Squad,backend,5,,,84,PMD_25PI4_Sprint8 [ACTIVE],Could (3),AIOP-108,,
[Alpha Squad] Sample work item 1084,AIOP-1084,10001084,Story,Done,AIOP,Perception & Parking SW Group,16/Feb/26 3:55 PM,23/Feb/26 3:55 PM,Alpha Squad,infra,3,,,,PMD_25PI4_Sprint8 [COMPLETED] + Sprint9 [COMPLETED],Must (1),AIOP-145,,
[Alpha Squad] Sample work item 1085,AIOP-1085,10001085,Bug,Done,AIOP,Perception & Parking SW Group,20/Feb/26 2:08 PM,22/Feb/26 2:08 PM,Alpha Squad,,8,,,,PMD_25PI4_Sprint8 [COMPLETED],Won't (4),AIOP-180,,
[Alpha Squad] Sample work item 1086,AIOP-1086,10001086,Task,Done,AIOP,Perception & Parking SW Group,16/Feb/26 1:12 PM,22/Feb/26 1:12 PM,Alpha Squad,backend,3,,,,PMD_25PI4_Sprint8 [COMPLETED],Could (3),AIOP-165,,
[Alpha Squad] Sample work item 1087,AIOP-1087,10001087,Story,Done,AIOP,Perception & Parking SW Group,25/Feb/26 3:56 PM,26/Feb/26 3:56 PM,Alpha Squad,frontend,5,,,,PMD_25PI4_Sprint9 [COMPLETED],Won't (4),AIOP-147,,
[Alpha Squad] Sample work item 1088,AIOP-1088,10001088,Bug,Implementing,AIOP,Perception & Parking SW Group,23/Feb/26 3:38 PM,,Alpha Squad,infra,2,,,77,PMD_25PI4_Sprint9 [ACTIVE],Could (3),AIOP-184,,
[Alpha Squad] Sample work item 1089,AIOP-1089,10001089,Story,Done,AIOP,Perception & Parking SW Group,26/Feb/26 2:28 PM,8/Mar/26 2:28 PM,Alpha Squad,infra,5,,,,PMD_25PI4_Sprint9 [COMPLETED],Won't (4),AIOP-135,,
[Alpha Squad] Sample work item 1090,AIOP-1090,10001090,Task,Done,AIOP,Perception & Parking SW Group,26/Feb/26 9:08 AM,10/Mar/26 9:08 AM,Alpha Squad,infra,3,,,,PMD_25PI4_Sprint9 [COMPLETED] + Sprint10 [COMPLETED],Must (1),AIOP-177,,
[Alpha Squad] Sample work item 1091,AIOP-1091,10001091,Bug,Blocked,AIOP,Perception & Parking SW Group,24/Feb/26 10:01 AM,,Alpha Squad,data-pipeline,2,,,77,PMD_25PI4_Sprint9 [ACTIVE],Could (3),AIOP-190,,
[Alpha Squad] Sample work item 1092,AIOP-1092,10001092,Task,Done,AIOP,Perception & Parking SW Group,4/Mar/26 2:45 PM,10/Mar/26 2:45 PM,Alpha Squad,infra,13,,,,PMD_25PI4_Sprint9 [COMPLETED] + Sprint10 [COMPLETED],Should (2),AIOP-146,,
[Alpha Squad] Sample work item 1093,AIOP-1093,10001093,Task,In Progress,AIOP,Perception & Parking SW Group,6/Mar/26 11:39 AM,,Alpha Squad,tech-debt,8,,,67,PMD_25PI4_Sprint9 [ACTIVE],Won't (4),AIOP-198,,
[Alpha Squad] Sample work item 1094,AIOP-1094,10001094,Story,Blocked,AIOP,Perception & Parking SW Group,6/Mar/26 11:49 AM,,Alpha Squad,,1,,,67,PMD_25PI4_Sprint9 [ACTIVE],Must (1),AIOP-166,,
[Alpha Squad] Sample work item 1095,AIOP-1095,10001095,Story,Done,AIOP,Perception & Parking SW Group,4/Mar/26 5:05 PM,17/Mar/26 5:05 PM,Alpha Squad,data-pipeline,2,,,,PMD_25PI4_Sprint9 [COMPLETED] + Sprint10 [COMPLETED],Could (3),AIOP-172,AIOP-1003,AIOP-1082
[Alpha Squad] Sample work item 1096,AIOP-1096,10001096,Story,Blocked,AIOP,Perception & Parking SW Group,3/Mar/26 3:39 PM,,Alpha Squad,data-pipeline,3,,,69,PMD_25PI4_Sprint9 [ACTIVE],Could (3),AIOP-161,,
[Alpha Squad] Sample work item 1097,AIOP-1097,10001097,Story,Done,AIOP,Perception & Parking SW Group,11/Mar/26 2:25 PM,16/Mar/26 2:25 PM,Alpha Squad,ml,2,,,,PMD_25PI4_Sprint10 [COMPLETED],Won't (4),AIOP-131,,AIOP-1049
[Alpha Squad] Sample work item 1098,AIOP-1098,10001098,Story,Review,AIOP,Perception & Parking SW Group,10/Mar/26 2:59 PM,,Alpha Squad,frontend,5,,,62,PMD_25PI4_Sprint10 [ACTIVE],Won't (4),AIOP-163,,
[Alpha Squad] Sample work item 1099,AIOP-1099,10001099,Story,Funnel,AIOP,Perception & Parking SW Group,11/Mar/26 4:38 PM,,Alpha Squad,infra,5,,,61,PMD_25PI4_Sprint10 [ACTIVE],Must (1),AIOP-155,,
[Alpha Squad] Sample work item 1100,AIOP-1100,10001100,Story,Done,AIOP,Perception & Parking SW Group,13/Mar/26 4:48 PM,23/Mar/26 4:48 PM,Alpha Squad,data-pipeline,8,,,,PMD_25PI4_Sprint10 [COMPLETED] + Sprint11 [COMPLETED],Must (1),AIOP-116,,
[Alpha Squad] Sample work item 1101,AIOP-1101,10001101,Story,Blocked,AIOP,Perception & Parking SW Group,11/Mar/26 11:12 AM,,Alpha Squad,backend,1,,,62,PMD_25PI4_Sprint10 [ACTIVE],Could (3),AIOP-160,,
[Alpha Squad] Sample work item 1102,AIOP-1102,10001102,Story,Done,AIOP,Perception & Parking SW Group,13/Mar/26 2:10 PM,16/Mar/26 2:10 PM,Alpha Squad,data-pipeline,13,,,,PMD_25PI4_Sprint10 [COMPLETED],Won't (4),AIOP-190,,
[Alpha Squad] Sample work item 1103,AIOP-1103,10001103,Bug,To Do,AIOP,Perception & Parking SW Group,9/Mar/26 4:16 PM,,Alpha Squad,tech-debt,1,,,63,PMD_25PI4_Sprint10 [ACTIVE],Won't (4),AIOP-121,,
[Alpha Squad] Sample work item 1104,AIOP-1104,10001104,Story,Done,AIOP,Perception & Parking SW Group,16/Mar/26 12:01 PM,27/Mar/26 12:01 PM,Alpha Squad,ml,8,,,,PMD_25PI4_Sprint10 [COMPLETED] + Sprint11 [COMPLETED],Won't (4),AIOP-164,,
[Alpha Squad] Sample work item 1105,AIOP-1105,10001105,Bug,Done,AIOP,Perception & Parking SW Group,16/Mar/26 11:33 AM,21/Mar/26 11:33 AM,Alpha Squad,infra,,,,,PMD_25PI4_Sprint10 [COMPLETED],Won't (4),AIOP-168,,
[Alpha Squad] Sample work item 1106,AIOP-1106,10001106,Bug,Review,AIOP,Perception & Parking SW Group,18/Mar/26 4:12 PM,,Alpha Squad,frontend,,,,54,PMD_25PI4_Sprint10 [ACTIVE],Could (3),AIOP-198,,
[Alpha Squad] Sample work item 1107,AIOP-1107,10001107,Story,Done,AIOP,Perception & Parking SW Group,27/Mar/26 1:18 PM,2/Apr/26 1:18 PM,Alpha Squad,,3,,,,PMD_25PI4_Sprint11 [COMPLETED],Should (2),AIOP-137,AIOP-1091,AIOP-1056
[Alpha Squad] Sample work item 1108,AIOP-1108,10001108,Story,Done,AIOP,Perception & Parking SW Group,27/Mar/26 12:15 PM,5/Apr/26 12:15 PM,Alpha Squad,backend,5,,,,PMD_25PI4_Sprint11 [COMPLETED],Won't (4),AIOP-112,,
[Alpha Squad] Sample work item 1109,AIOP-1109,10001109,Spike,Blocked,AIOP,Perception & Parking SW Group,24/Mar/26 3:41 PM,,Alpha Squad,frontend,8,,,48,PMD_25PI4_Sprint11 [ACTIVE],Could (3),AIOP-141,,AIOP-1098
[Alpha Squad] Sample work item 1110,AIOP-1110,10001110,Task,Done,AIOP,Perception & Parking SW Group,23/Mar/26 3:50 PM,7/Apr/26 3:50 PM,Alpha Squad,backend,1,,,,PMD_25PI4_Sprint11 [COMPLETED] + Sprint12 [COMPLETED],Must (1),AIOP-142,,
[Alpha Squad] Sample work item 1111,AIOP-1111,10001111,Story,Funnel,AIOP,Perception & Parking SW Group,23/Mar/26 2:10 PM,,Alpha Squad,frontend,1,,,49,PMD_25PI4_Sprint11 [ACTIVE],Could (3),AIOP-137,,
[Alpha Squad] Sample work item 1112,AIOP-1112,10001112,Story,Done,AIOP,Perception & Parking SW Group,24/Mar/26 9:16 AM,28/Mar/26 9:16 AM,Alpha Squad,infra,,,,,PMD_25PI4_Sprint11 [COMPLETED],Could (3),AIOP-174,,AIOP-1083
[Alpha Squad] Sample work item 1113,AIOP-1113,10001113,Bug,Done,AIOP,Perception & Parking SW Group,25/Mar/26 2:39 PM,2/Apr/26 2:39 PM,Alpha Squad,ml,2,,,,PMD_25PI4_Sprint11 [COMPLETED],Could (3),AIOP-153,,
[Alpha Squad] Sample work item 1114,AIOP-1114,10001114,Bug,Done,AIOP,Perception & Parking SW Group,3/Apr/26 10:33 AM,5/Apr/26 10:33 AM,Alpha Squad,backend,,,,,PMD_25PI4_Sprint11 [COMPLETED],Must (1),AIOP-107,,
[Alpha Squad] Sample work item 1115,AIOP-1115,10001115,Story,Done,AIOP,Perception & Parking SW Group,3/Apr/26 4:51 PM,16/Apr/26 4:51 PM,Alpha Squad,ml,5,,,,PMD_25PI4_Sprint11 [COMPLETED] + Sprint12 [COMPLETED],Must (1),AIOP-171,,
[Alpha Squad] Sample work item 1116,AIOP-1116,10001116,Story,Done,AIOP,Perception & Parking SW Group,30/Mar/26 12:37 PM,2/Apr/26 12:37 PM,Alpha Squad,backend,,,,,PMD_25PI4_Sprint11 [COMPLETED],Must (1),AIOP-160,AIOP-1052,
[Alpha Squad] Sample work item 1117,AIOP-1117,10001117,Task,Funnel,AIOP,Perception & Parking SW Group,2/Apr/26 3:05 PM,,Alpha Squad,frontend,8,,,39,PMD_25PI4_Sprint11 [ACTIVE],Could (3),AIOP-115,,
[Alpha Squad] Sample work item 1118,AIOP-1118,10001118,Task,Done,AIOP,Perception & Parking SW Group,31/Mar/26 4:22 PM,3/Apr/26 4:22 PM,Alpha Squad,tech-debt,8,,,,PMD_25PI4_Sprint11 [COMPLETED],Must (1),AIOP-184,,
[Alpha Squad] Sample work item 1119,AIOP-1119,10001119,Bug,Done,AIOP,Perception & Parking SW Group,9/Apr/26 9:15 AM,17/Apr/26 9:15 AM,Alpha Squad,frontend,5,,,,PMD_25PI4_Sprint12 [COMPLETED],Must (1),AIOP-117,,
[Alpha Squad] Sample work item 1120,AIOP-1120,10001120,Bug,Done,AIOP,Perception & Parking SW Group,8/Apr/26 2:15 PM,18/Apr/26 2:15 PM,Alpha Squad,infra,3,,,,PMD_25PI4_Sprint12 [COMPLETED],Should (2),AIOP-180,,
[Alpha Squad] Sample work item 1121,AIOP-1121,10001121,Bug,Done,AIOP,Perception & Parking SW Group,9/Apr/26 11:19 AM,17/Apr/26 11:19 AM,Alpha Squad,infra,13,,,,PMD_25PI4_Sprint12 [COMPLETED],Should (2),AIOP-159,,
[Alpha Squad] Sample work item 1122,AIOP-1122,10001122,Bug,Done,AIOP,Perception & Parking SW Group,7/Apr/26 3:15 PM,11/Apr/26 3:15 PM,Alpha Squad,backend,,,,,PMD_25PI4_Sprint12 [COMPLETED],Could (3),AIOP-111,,
[Alpha Squad] Sample work item 1123,AIOP-1123,10001123,Story,Done,AIOP,Perception & Parking SW Group,8/Apr/26 1:58 PM,12/Apr/26 1:58 PM,Alpha Squad,tech-debt,2,,,,PMD_25PI4_Sprint12 [COMPLETED],Won't (4),AIOP-131,,
[Alpha Squad] Sample work item 1124,AIOP-1124,10001124,Story,Funnel,AIOP,Perception & Parking SW Group,16/Apr/26 4:06 PM,,Alpha Squad,,3,,,25,PMD_25PI4_Sprint12 [ACTIVE],Should (2),AIOP-147,,AIOP-1110
[Alpha Squad] Sample work item 1125,AIOP-1125,10001125,Story,Done,AIOP,Perception & Parking SW Group,16/Apr/26 12:31 PM,24/Apr/26 12:31 PM,Alpha Squad,infra,3,,,,PMD_25PI4_Sprint12 [COMPLETED] + Sprint13 [COMPLETED],Won't (4),AIOP-192,,
[Alpha Squad] Sample work item 1126,AIOP-1126,10001126,Task,Done,AIOP,Perception & Parking SW Group,13/Apr/26 9:48 AM,25/Apr/26 9:48 AM,Alpha Squad,tech-debt,3,,,,PMD_25PI4_Sprint12 [COMPLETED] + Sprint13 [COMPLETED],Should (2),AIOP-101,,
[Alpha Squad] Sample work item 1127,AIOP-1127,10001127,Story,Done,AIOP,Perception & Parking SW Group,15/Apr/26 5:18 PM,22/Apr/26 5:18 PM,Alpha Squad,tech-debt,5,,,,PMD_25PI4_Sprint12 [COMPLETED] + Sprint13 [COMPLETED],Should (2),AIOP-113,,
[Alpha Squad] Sample work item 1128,AIOP-1128,10001128,Story,In Progress,AIOP,Perception & Parking SW Group,14/Apr/26 12:19 PM,,Alpha Squad,,8,,,27,PMD_25PI4_Sprint12 [ACTIVE],Must (1),AIOP-111,,
[Alpha Squad] Sample work item 1129,AIOP-1129,10001129,Task,Done,AIOP,Perception & Parking SW Group,20/Apr/26 12:13 PM,25/Apr/26 12:13 PM,Alpha Squad,data-pipeline,5,,,,PMD_25PI4_Sprint13 [COMPLETED],Must (1),AIOP-109,,
[Alpha Squad] Sample work item 1130,AIOP-1130,10001130,Bug,Implementing,AIOP,Perception & Parking SW Group,23/Apr/26 10:19 AM,,Alpha Squad,,5,,,19,PMD_25PI4_Sprint13 [ACTIVE],Could (3),AIOP-149,,
[Alpha Squad] Sample work item 1131,AIOP-1131,10001131,Bug,Done,AIOP,Perception & Parking SW Group,24/Apr/26 2:03 PM,2/May/26 2:03 PM,Alpha Squad,data-pipeline,,,,,PMD_25PI4_Sprint13 [COMPLETED],Won't (4),AIOP-199,,
[Alpha Squad] Sample work item 1132,AIOP-1132,10001132,Story,In Progress,AIOP,Perception & Parking SW Group,29/Apr/26 5:24 PM,,Alpha Squad,infra,8,,,12,PMD_25PI4_Sprint13 [ACTIVE],Must (1),AIOP-110,,
[Alpha Squad] Sample work item 1133,AIOP-1133,10001133,Story,In Progress,AIOP,Perception & Parking SW Group,30/Apr/26 2:23 PM,,Alpha Squad,ml,3,,,11,PMD_25PI4_Sprint13 [ACTIVE],Could (3),AIOP-113,,
[Alpha Squad] Sample work item 1134,AIOP-1134,10001134,Story,Implementing,AIOP,Perception & Parking SW Group,27/Apr/26 5:57 PM,,Alpha Squad,frontend,8,,,14,PMD_25PI4_Sprint13 [ACTIVE],Should (2),AIOP-117,,
[Alpha Squad] Sample work item 1135,AIOP-1135,10001135,Story,In Progress,AIOP,Perception & Parking SW Group,28/Apr/26 4:38 PM,,Alpha Squad,infra,13,,,13,PMD_25PI4_Sprint13 [ACTIVE],Won't (4),AIOP-142,,
[Alpha Squad] Sample work item 1136,AIOP-1136,10001136,Bug,Funnel,AIOP,Perception & Parking SW Group,1/May/26 11:19 AM,,Alpha Squad,infra,2,,,11,PMD_25PI4_Sprint13 [ACTIVE],Won't (4),AIOP-140,,
[Alpha Squad] Sample work item 1137,AIOP-1137,10001137,Bug,In Progress,AIOP,Perception & Parking SW Group,1/May/26 11:43 AM,,Alpha Squad,ml,,,,11,PMD_25PI4_Sprint13 [ACTIVE],Should (2),AIOP-156,,
[Beta Squad] Sample work item 1138,AIOP-1138,10001138,Story,Done,AIOP,Perception & Parking SW Group,7/Nov/25 4:37 PM,9/Nov/25 4:37 PM,Beta Squad,data-pipeline,1,,,,PMD_25PI4_Sprint1 [COMPLETED],Could (3),AIOP-189,,
[Beta Squad] Sample work item 1139,AIOP-1139,10001139,Story,Funnel,AIOP,Perception & Parking SW Group,7/Nov/25 9:36 AM,,Beta Squad,,3,,,186,PMD_25PI4_Sprint1 [ACTIVE],Won't (4),AIOP-113,AIOP-1066,
[Beta Squad] Sample work item 1140,AIOP-1140,10001140,Story,Done,AIOP,Perception & Parking SW Group,13/Nov/25 4:49 PM,25/Nov/25 4:49 PM,Beta Squad,frontend,3,,,,PMD_25PI4_Sprint1 [COMPLETED] + Sprint2 [COMPLETED],Must (1),AIOP-161,,
[Beta Squad] Sample work item 1141,AIOP-1141,10001141,Story,Done,AIOP,Perception & Parking SW Group,19/Nov/25 4:50 PM,14/Dec/25 4:50 PM,Beta Squad,ml,2,,,,PMD_25PI4_Sprint2 [COMPLETED] + Sprint3 [COMPLETED],Won't (4),AIOP-140,AIOP-1011,
[Beta Squad] Sample work item 1142,AIOP-1142,10001142,Story,Implementing,AIOP,Perception & Parking SW Group,19/Nov/25 5:27 PM,,Beta Squad,tech-debt,2,,,173,PMD_25PI4_Sprint2 [ACTIVE],Won't (4),AIOP-150,AIOP-1050,
[Beta Squad] Sample work item 1143,AIOP-1143,10001143,Story,Done,AIOP,Perception & Parking SW Group,21/Nov/25 11:23 AM,2/Dec/25 11:23 AM,Beta Squad,data-pipeline,,,,,PMD_25PI4_Sprint2 [COMPLETED] + Sprint3 [COMPLETED],Could (3),AIOP-176,,
[Beta Squad] Sample work item 1144,AIOP-1144,10001144,Task,Done,AIOP,Perception & Parking SW Group,21/Nov/25 10:43 AM,10/Dec/25 10:43 AM,Beta Squad,tech-debt,2,,,,PMD_25PI4_Sprint2 [COMPLETED] + Sprint3 [COMPLETED],Won't (4),AIOP-153,,
[Beta Squad] Sample work item 1145,AIOP-1145,10001145,Task,Done,AIOP,Perception & Parking SW Group,28/Nov/25 9:55 AM,14/Dec/25 9:55 AM,Beta Squad,frontend,3,Impediment,Impediment,,PMD_25PI4_Sprint2 [COMPLETED] + Sprint3 [COMPLETED],Won't (4),AIOP-152,,
[Beta Squad] Sample work item 1146,AIOP-1146,10001146,Story,Blocked,AIOP,Perception & Parking SW Group,24/Nov/25 9:50 AM,,Beta Squad,frontend,5,Impediment,Impediment,169,PMD_25PI4_Sprint2 [ACTIVE],Won't (4),AIOP-172,,
[Beta Squad] Sample work item 1147,AIOP-1147,10001147,Story,Implementing,AIOP,Perception & Parking SW Group,27/Nov/25 10:47 AM,,Beta Squad,backend,5,,,166,PMD_25PI4_Sprint2 [ACTIVE],Could (3),AIOP-111,,
[Beta Squad] Sample work item 1148,AIOP-1148,10001148,Story,Done,AIOP,Perception & Parking SW Group,5/Dec/25 2:55 PM,18/Dec/25 2:55 PM,Beta Squad,frontend,13,,,,PMD_25PI4_Sprint3 [COMPLETED] + Sprint4 [COMPLETED],Must (1),AIOP-172,,
[Beta Squad] Sample work item 1149,AIOP-1149,10001149,Story,Blocked,AIOP,Perception & Parking SW Group,5/Dec/25 10:08 AM,,Beta Squad,infra,13,,,158,PMD_25PI4_Sprint3 [ACTIVE],Should (2),AIOP-189,,
[Beta Squad] Sample work item 1150,AIOP-1150,10001150,Story,Done,AIOP,Perception & Parking SW Group,9/Dec/25 1:40 PM,16/Dec/25 1:40 PM,Beta Squad,tech-debt,8,,,,PMD_25PI4_Sprint3 [COMPLETED] + Sprint4 [COMPLETED],Must (1),AIOP-151,,
[Beta Squad] Sample work item 1151,AIOP-1151,10001151,Story,Done,AIOP,Perception & Parking SW Group,11/Dec/25 2:37 PM,28/Dec/25 2:37 PM,Beta Squad,ml,8,,,,PMD_25PI4_Sprint3 [COMPLETED] + Sprint4 [COMPLETED],Could (3),AIOP-108,,
[Beta Squad] Sample work item 1152,AIOP-1152,10001152,Task,Review,AIOP,Perception & Parking SW Group,11/Dec/25 1:20 PM,,Beta Squad,frontend,5,,,151,PMD_25PI4_Sprint3 [ACTIVE],Won't (4),AIOP-200,,
[Beta Squad] Sample work item 1153,AIOP-1153,10001153,Story,Implementing,AIOP,Perception & Parking SW Group,8/Dec/25 3:12 PM,,Beta Squad,infra,2,,,154,PMD_25PI4_Sprint3 [ACTIVE],Could (3),AIOP-111,,
[Beta Squad] Sample work item 1154,AIOP-1154,10001154,Story,To Do,AIOP,Perception & Parking SW Group,11/Dec/25 10:08 AM,,Beta Squad,backend,1,,,152,PMD_25PI4_Sprint3 [ACTIVE],Could (3),AIOP-115,,
[Beta Squad] Sample work item 1155,AIOP-1155,10001155,Bug,Done,AIOP,Perception & Parking SW Group,16/Dec/25 11:04 AM,4/Jan/26 11:04 AM,Beta Squad,tech-debt,2,Impediment,Impediment,,PMD_25PI4_Sprint4 [COMPLETED] + Sprint5 [COMPLETED],Should (2),AIOP-180,,
[Beta Squad] Sample work item 1156,AIOP-1156,10001156,Story,Done,AIOP,Perception & Parking SW Group,18/Dec/25 2:50 PM,1/Jan/26 2:50 PM,Beta Squad,backend,3,,,,PMD_25PI4_Sprint4 [COMPLETED] + Sprint5 [COMPLETED],Could (3),AIOP-199,,AIOP-1077
[Beta Squad] Sample work item 1157,AIOP-1157,10001157,Story,Blocked,AIOP,Perception & Parking SW Group,16/Dec/25 4:40 PM,,Beta Squad,backend,,Impediment,,146,PMD_25PI4_Sprint4 [ACTIVE],Should (2),AIOP-149,,
[Beta Squad] Sample work item 1158,AIOP-1158,10001158,Task,Done,AIOP,Perception & Parking SW Group,25/Dec/25 5:18 PM,10/Jan/26 5:18 PM,Beta Squad,ml,5,,,,PMD_25PI4_Sprint4 [COMPLETED] + Sprint5 [COMPLETED],Won't (4),AIOP-110,,
[Beta Squad] Sample work item 1159,AIOP-1159,10001159,Story,Done,AIOP,Perception & Parking SW Group,22/Dec/25 1:44 PM,13/Jan/26 1:44 PM,Beta Squad,frontend,1,,,,PMD_25PI4_Sprint4 [COMPLETED] + Sprint5 [COMPLETED] + Sprint6 [COMPLETED],Must (1),AIOP-155,,
[Beta Squad] Sample work item 1160,AIOP-1160,10001160,Spike,Review,AIOP,Perception & Parking SW Group,26/Dec/25 5:50 PM,,Beta Squad,frontend,8,,,136,PMD_25PI4_Sprint4 [ACTIVE],Could (3),AIOP-193,,
[Beta Squad] Sample work item 1161,AIOP-1161,10001161,Story,Done,AIOP,Perception & Parking SW Group,2/Jan/26 11:23 AM,21/Jan/26 11:23 AM,Beta Squad,data-pipeline,8,,,,PMD_25PI4_Sprint5 [COMPLETED] + Sprint6 [COMPLETED],Must (1),AIOP-129,,AIOP-1003
[Beta Squad] Sample work item 1162,AIOP-1162,10001162,Story,Review,AIOP,Perception & Parking SW Group,30/Dec/25 3:58 PM,,Beta Squad,data-pipeline,3,,,132,PMD_25PI4_Sprint5 [ACTIVE],Must (1),AIOP-122,,
[Beta Squad] Sample work item 1163,AIOP-1163,10001163,Story,Done,AIOP,Perception & Parking SW Group,1/Jan/26 9:23 AM,12/Jan/26 9:23 AM,Beta Squad,ml,3,,,,PMD_25PI4_Sprint5 [COMPLETED] + Sprint6 [COMPLETED],Won't (4),AIOP-198,,
[Beta Squad] Sample work item 1164,AIOP-1164,10001164,Story,Done,AIOP,Perception & Parking SW Group,31/Dec/25 9:21 AM,9/Jan/26 9:21 AM,Beta Squad,backend,3,,,,PMD_25PI4_Sprint5 [COMPLETED],Should (2),AIOP-153,,AIOP-1036
[Beta Squad] Sample work item 1165,AIOP-1165,10001165,Story,Done,AIOP,Perception & Parking SW Group,6/Jan/26 5:26 PM,10/Jan/26 5:26 PM,Beta Squad,backend,5,,,,PMD_25PI4_Sprint5 [COMPLETED],Won't (4),AIOP-109,,AIOP-1033
[Beta Squad] Sample work item 1166,AIOP-1166,10001166,Task,Done,AIOP,Perception & Parking SW Group,13/Jan/26 10:09 AM,2/Feb/26 10:09 AM,Beta Squad,infra,5,,,,PMD_25PI4_Sprint6 [COMPLETED] + Sprint7 [COMPLETED],Could (3),AIOP-198,,
[Beta Squad] Sample work item 1167,AIOP-1167,10001167,Task,Review,AIOP,Perception & Parking SW Group,14/Jan/26 11:05 AM,,Beta Squad,backend,8,,,118,PMD_25PI4_Sprint6 [ACTIVE],Could (3),AIOP-122,AIOP-1103,
[Beta Squad] Sample work item 1168,AIOP-1168,10001168,Story,Done,AIOP,Perception & Parking SW Group,22/Jan/26 2:43 PM,10/Feb/26 2:43 PM,Beta Squad,data-pipeline,5,,,,PMD_25PI4_Sprint6 [COMPLETED] + Sprint7 [COMPLETED] + Sprint8 [COMPLETED],Must (1),AIOP-102,,
[Beta Squad] Sample work item 1169,AIOP-1169,10001169,Task,Done,AIOP,Perception & Parking SW Group,19/Jan/26 11:59 AM,10/Feb/26 11:59 AM,Beta Squad,ml,5,,,,PMD_25PI4_Sprint6 [COMPLETED] + Sprint7 [COMPLETED] + Sprint8 [COMPLETED],Won't (4),AIOP-187,,
[Beta Squad] Sample work item 1170,AIOP-1170,10001170,Story,To Do,AIOP,Perception & Parking SW Group,22/Jan/26 11:02 AM,,Beta Squad,infra,5,,,110,PMD_25PI4_Sprint6 [ACTIVE],Won't (4),AIOP-107,AIOP-1098,
[Beta Squad] Sample work item 1171,AIOP-1171,10001171,Bug,Done,AIOP,Perception & Parking SW Group,21/Jan/26 5:20 PM,29/Jan/26 5:20 PM,Beta Squad,infra,5,,,,PMD_25PI4_Sprint6 [COMPLETED] + Sprint7 [COMPLETED],Must (1),AIOP-199,,
[Beta Squad] Sample work item 1172,AIOP-1172,10001172,Story,Implementing,AIOP,Perception & Parking SW Group,30/Jan/26 9:48 AM,,Beta Squad,,5,,,102,PMD_25PI4_Sprint7 [ACTIVE],Should (2),AIOP-122,,
[Beta Squad] Sample work item 1173,AIOP-1173,10001173,Story,Funnel,AIOP,Perception & Parking SW Group,30/Jan/26 9:45 AM,,Beta Squad,data-pipeline,5,,,102,PMD_25PI4_Sprint7 [ACTIVE],Should (2),AIOP-163,,
[Beta Squad] Sample work item 1174,AIOP-1174,10001174,Story,Done,AIOP,Perception & Parking SW Group,3/Feb/26 2:03 PM,7/Feb/26 2:03 PM,Beta Squad,,5,,,,PMD_25PI4_Sprint7 [COMPLETED],Could (3),AIOP-109,,
[Beta Squad] Sample work item 1175,AIOP-1175,10001175,Spike,Done,AIOP,Perception & Parking SW Group,5/Feb/26 4:41 PM,18/Feb/26 4:41 PM,Beta Squad,data-pipeline,8,,,,PMD_25PI4_Sprint7 [COMPLETED] + Sprint8 [COMPLETED],Should (2),AIOP-185,,
[Beta Squad] Sample work item 1176,AIOP-1176,10001176,Task,To Do,AIOP,Perception & Parking SW Group,6/Feb/26 9:11 AM,,Beta Squad,data-pipeline,2,,,95,PMD_25PI4_Sprint7 [ACTIVE],Won't (4),AIOP-118,,AIOP-1088
[Beta Squad] Sample work item 1177,AIOP-1177,10001177,Task,Done,AIOP,Perception & Parking SW Group,11/Feb/26 4:00 PM,9/Mar/26 4:00 PM,Beta Squad,backend,3,,,,PMD_25PI4_Sprint8 [COMPLETED] + Sprint9 [COMPLETED] + Sprint10 [COMPLETED],Must (1),AIOP-192,AIOP-1098,
[Beta Squad] Sample work item 1178,AIOP-1178,10001178,Task,Done,AIOP,Perception & Parking SW Group,13/Feb/26 12:10 PM,24/Feb/26 12:10 PM,Beta Squad,backend,3,,,,PMD_25PI4_Sprint8 [COMPLETED] + Sprint9 [COMPLETED],Could (3),AIOP-133,,AIOP-1043
[Beta Squad] Sample work item 1179,AIOP-1179,10001179,Story,Review,AIOP,Perception & Parking SW Group,9/Feb/26 5:57 PM,,Beta Squad,data-pipeline,,,,91,PMD_25PI4_Sprint8 [ACTIVE],Must (1),AIOP-155,,
[Beta Squad] Sample work item 1180,AIOP-1180,10001180,Story,Blocked,AIOP,Perception & Parking SW Group,9/Feb/26 2:13 PM,,Beta Squad,tech-debt,,,,91,PMD_25PI4_Sprint8 [ACTIVE],Could (3),AIOP-184,,
[Beta Squad] Sample work item 1181,AIOP-1181,10001181,Story,Done,AIOP,Perception & Parking SW Group,18/Feb/26 10:30 AM,3/Mar/26 10:30 AM,Beta Squad,tech-debt,3,,,,PMD_25PI4_Sprint8 [COMPLETED] + Sprint9 [COMPLETED],Won't (4),AIOP-123,,
[Beta Squad] Sample work item 1182,AIOP-1182,10001182,Story,Funnel,AIOP,Perception & Parking SW Group,18/Feb/26 9:09 AM,,Beta Squad,tech-debt,3,,,83,PMD_25PI4_Sprint8 [ACTIVE],Won't (4),AIOP-196,,
[Beta Squad] Sample work item 1183,AIOP-1183,10001183,Task,Blocked,AIOP,Perception & Parking SW Group,19/Feb/26 5:43 PM,,Beta Squad,frontend,5,,,81,PMD_25PI4_Sprint8 [ACTIVE],Must (1),AIOP-150,,
[Beta Squad] Sample work item 1184,AIOP-1184,10001184,Story,Done,AIOP,Perception & Parking SW Group,26/Feb/26 12:52 PM,16/Mar/26 12:52 PM,Beta Squad,,2,,,,PMD_25PI4_Sprint9 [COMPLETED] + Sprint10 [COMPLETED],Won't (4),AIOP-171,,
[Beta Squad] Sample work item 1185,AIOP-1185,10001185,Story,Done,AIOP,Perception & Parking SW Group,24/Feb/26 11:36 AM,12/Mar/26 11:36 AM,Beta Squad,data-pipeline,8,,,,PMD_25PI4_Sprint9 [COMPLETED] + Sprint10 [COMPLETED],Could (3),AIOP-168,,
[Beta Squad] Sample work item 1186,AIOP-1186,10001186,Story,Funnel,AIOP,Perception & Parking SW Group,26/Feb/26 11:39 AM,,Beta Squad,ml,,,,75,PMD_25PI4_Sprint9 [ACTIVE],Could (3),AIOP-188,,
[Beta Squad] Sample work item 1187,AIOP-1187,10001187,Task,Review,AIOP,Perception & Parking SW Group,23/Feb/26 2:52 PM,,Beta Squad,ml,13,,,77,PMD_25PI4_Sprint9 [ACTIVE],Must (1),AIOP-129,,
[Beta Squad] Sample work item 1188,AIOP-1188,10001188,Story,Done,AIOP,Perception & Parking SW Group,6/Mar/26 2:52 PM,22/Mar/26 2:52 PM,Beta Squad,ml,2,,,,PMD_25PI4_Sprint9 [COMPLETED] + Sprint10 [COMPLETED],Must (1),AIOP-122,,
[Beta Squad] Sample work item 1189,AIOP-1189,10001189,Story,Done,AIOP,Perception & Parking SW Group,5/Mar/26 9:58 AM,18/Mar/26 9:58 AM,Beta Squad,infra,13,,,,PMD_25PI4_Sprint9 [COMPLETED] + Sprint10 [COMPLETED],Won't (4),AIOP-181,,
[Beta Squad] Sample work item 1190,AIOP-1190,10001190,Story,Done,AIOP,Perception & Parking SW Group,4/Mar/26 10:18 AM,17/Mar/26 10:18 AM,Beta Squad,,5,Impediment,,,PMD_25PI4_Sprint9 [COMPLETED] + Sprint10 [COMPLETED],Should (2),AIOP-182,,
[Beta Squad] Sample work item 1191,AIOP-1191,10001191,Bug,Review,AIOP,Perception & Parking SW Group,6/Mar/26 9:14 AM,,Beta Squad,tech-debt,8,,,67,PMD_25PI4_Sprint9 [ACTIVE],Won't (4),AIOP-148,,
[Beta Squad] Sample work item 1192,AIOP-1192,10001192,Spike,Review,AIOP,Perception & Parking SW Group,4/Mar/26 5:41 PM,,Beta Squad,backend,5,,,68,PMD_25PI4_Sprint9 [ACTIVE],Could (3),AIOP-135,,
[Beta Squad] Sample work item 1193,AIOP-1193,10001193,Bug,Blocked,AIOP,Perception & Parking SW Group,5/Mar/26 1:16 PM,,Beta Squad,backend,5,,,67,PMD_25PI4_Sprint9 [ACTIVE],Should (2),AIOP-143,,
[Beta Squad] Sample work item 1194,AIOP-1194,10001194,Bug,Done,AIOP,Perception & Parking SW Group,13/Mar/26 11:43 AM,31/Mar/26 11:43 AM,Beta Squad,frontend,3,,,,PMD_25PI4_Sprint10 [COMPLETED] + Sprint11 [COMPLETED],Could (3),AIOP-153,,
[Beta Squad] Sample work item 1195,AIOP-1195,10001195,Task,To Do,AIOP,Perception & Parking SW Group,13/Mar/26 10:55 AM,,Beta Squad,backend,13,,,60,PMD_25PI4_Sprint10 [ACTIVE],Should (2),AIOP-117,,
[Beta Squad] Sample work item 1196,AIOP-1196,10001196,Task,Implementing,AIOP,Perception & Parking SW Group,12/Mar/26 11:20 AM,,Beta Squad,ml,3,,,61,PMD_25PI4_Sprint10 [ACTIVE],Should (2),AIOP-140,,AIOP-1070
[Beta Squad] Sample work item 1197,AIOP-1197,10001197,Story,Done,AIOP,Perception & Parking SW Group,19/Mar/26 3:00 PM,29/Mar/26 3:00 PM,Beta Squad,infra,,,,,PMD_25PI4_Sprint10 [COMPLETED] + Sprint11 [COMPLETED],Could (3),AIOP-196,,
[Beta Squad] Sample work item 1198,AIOP-1198,10001198,Story,In Progress,AIOP,Perception & Parking SW Group,18/Mar/26 11:04 AM,,Beta Squad,infra,5,,,55,PMD_25PI4_Sprint10 [ACTIVE],Could (3),AIOP-155,,
[Beta Squad] Sample work item 1199,AIOP-1199,10001199,Story,Done,AIOP,Perception & Parking SW Group,23/Mar/26 5:10 PM,17/Apr/26 5:10 PM,Beta Squad,,1,,,,PMD_25PI4_Sprint11 [COMPLETED] + Sprint12 [COMPLETED],Could (3),AIOP-198,,AIOP-1012
[Beta Squad] Sample work item 1200,AIOP-1200,10001200,Story,In Progress,AIOP,Perception & Parking SW Group,24/Mar/26 12:44 PM,,Beta Squad,tech-debt,2,,,48,PMD_25PI4_Sprint11 [ACTIVE],Could (3),AIOP-179,,
[Beta Squad] Sample work item 1201,AIOP-1201,10001201,Story,Done,AIOP,Perception & Parking SW Group,27/Mar/26 10:18 AM,12/Apr/26 10:18 AM,Beta Squad,frontend,5,,,,PMD_25PI4_Sprint11 [COMPLETED] + Sprint12 [COMPLETED],Could (3),AIOP-166,,
[Beta Squad] Sample work item 1202,AIOP-1202,10001202,Story,Done,AIOP,Perception & Parking SW Group,30/Mar/26 10:53 AM,31/Mar/26 10:53 AM,Beta Squad,backend,8,,,,PMD_25PI4_Sprint11 [COMPLETED],Must (1),AIOP-132,,
[Beta Squad] Sample work item 1203,AIOP-1203,10001203,Story,Done,AIOP,Perception & Parking SW Group,30/Mar/26 10:52 AM,15/Apr/26 10:52 AM,Beta Squad,infra,3,Impediment,,,PMD_25PI4_Sprint11 [COMPLETED] + Sprint12 [COMPLETED],Won't (4),AIOP-194,,
[Beta Squad] Sample work item 1204,AIOP-1204,10001204,Story,Blocked,AIOP,Perception & Parking SW Group,31/Mar/26 11:21 AM,,Beta Squad,infra,,,,42,PMD_25PI4_Sprint11 [ACTIVE],Must (1),AIOP-147,,
[Beta Squad] Sample work item 1205,AIOP-1205,10001205,Bug,Blocked,AIOP,Perception & Parking SW Group,7/Apr/26 10:26 AM,,Beta Squad,tech-debt,5,,,35,PMD_25PI4_Sprint12 [ACTIVE],Won't (4),AIOP-199,,AIOP-1175
[Beta Squad] Sample work item 1206,AIOP-1206,10001206,Bug,Done,AIOP,Perception & Parking SW Group,7/Apr/26 4:58 PM,27/Apr/26 4:58 PM,Beta Squad,tech-debt,3,Impediment,,,PMD_25PI4_Sprint12 [COMPLETED] + Sprint13 [COMPLETED],Should (2),AIOP-185,,
[Beta Squad] Sample work item 1207,AIOP-1207,10001207,Story,Blocked,AIOP,Perception & Parking SW Group,9/Apr/26 11:53 AM,,Beta Squad,tech-debt,,Impediment,,33,PMD_25PI4_Sprint12 [ACTIVE],Won't (4),AIOP-163,,AIOP-1125
[Beta Squad] Sample work item 1208,AIOP-1208,10001208,Story,Blocked,AIOP,Perception & Parking SW Group,10/Apr/26 4:05 PM,,Beta Squad,ml,8,,,31,PMD_25PI4_Sprint12 [ACTIVE],Must (1),AIOP-113,,AIOP-1140
[Beta Squad] Sample work item 1209,AIOP-1209,10001209,Story,To Do,AIOP,Perception & Parking SW Group,6/Apr/26 12:54 PM,,Beta Squad,data-pipeline,5,,,35,PMD_25PI4_Sprint12 [ACTIVE],Could (3),AIOP-191,,AIOP-1168
[Beta Squad] Sample work item 1210,AIOP-1210,10001210,Story,Blocked,AIOP,Perception & Parking SW Group,16/Apr/26 10:16 AM,,Beta Squad,,8,,,26,PMD_25PI4_Sprint12 [ACTIVE],Could (3),AIOP-113,,AIOP-1162
[Beta Squad] Sample work item 1211,AIOP-1211,10001211,Story,To Do,AIOP,Perception & Parking SW Group,16/Apr/26 4:42 PM,,Beta Squad,ml,1,,,25,PMD_25PI4_Sprint12 [ACTIVE],Must (1),AIOP-170,,
[Beta Squad] Sample work item 1212,AIOP-1212,10001212,Task,Funnel,AIOP,Perception & Parking SW Group,17/Apr/26 3:26 PM,,Beta Squad,infra,5,,,24,PMD_25PI4_Sprint12 [ACTIVE],Could (3),AIOP-137,,
[Beta Squad] Sample work item 1213,AIOP-1213,10001213,Bug,Implementing,AIOP,Perception & Parking SW Group,15/Apr/26 2:58 PM,,Beta Squad,tech-debt,8,,,26,PMD_25PI4_Sprint12 [ACTIVE],Must (1),AIOP-197,,
[Beta Squad] Sample work item 1214,AIOP-1214,10001214,Story,Implementing,AIOP,Perception & Parking SW Group,16/Apr/26 11:03 AM,,Beta Squad,tech-debt,3,,,26,PMD_25PI4_Sprint12 [ACTIVE],Must (1),AIOP-188,,
[Beta Squad] Sample work item 1215,AIOP-1215,10001215,Story,Funnel,AIOP,Perception & Parking SW Group,20/Apr/26 3:24 PM,,Beta Squad,data-pipeline,1,,,21,PMD_25PI4_Sprint13 [ACTIVE],Could (3),AIOP-125,,
[Beta Squad] Sample work item 1216,AIOP-1216,10001216,Task,Funnel,AIOP,Perception & Parking SW Group,22/Apr/26 5:47 PM,,Beta Squad,infra,5,,,19,PMD_25PI4_Sprint13 [ACTIVE],Must (1),AIOP-123,,
[Beta Squad] Sample work item 1217,AIOP-1217,10001217,Bug,Blocked,AIOP,Perception & Parking SW Group,21/Apr/26 9:09 AM,,Beta Squad,tech-debt,5,Impediment,,21,PMD_25PI4_Sprint13 [ACTIVE],Won't (4),AIOP-173,,AIOP-1181
[Beta Squad] Sample work item 1218,AIOP-1218,10001218,Story,Funnel,AIOP,Perception & Parking SW Group,20/Apr/26 2:14 PM,,Beta Squad,infra,3,,,21,PMD_25PI4_Sprint13 [ACTIVE],Won't (4),AIOP-171,,
[Beta Squad] Sample work item 1219,AIOP-1219,10001219,Task,Blocked,AIOP,Perception & Parking SW Group,20/Apr/26 3:16 PM,,Beta Squad,data-pipeline,13,Impediment,Impediment,21,PMD_25PI4_Sprint13 [ACTIVE],Won't (4),AIOP-162,AIOP-1166,
[Beta Squad] Sample work item 1220,AIOP-1220,10001220,Task,Blocked,AIOP,Perception & Parking SW Group,30/Apr/26 10:13 AM,,Beta Squad,backend,8,,,12,PMD_25PI4_Sprint13 [ACTIVE],Should (2),AIOP-103,,
[Beta Squad] Sample work item 1221,AIOP-1221,10001221,Task,Funnel,AIOP,Perception & Parking SW Group,30/Apr/26 3:28 PM,,Beta Squad,backend,8,,,11,PMD_25PI4_Sprint13 [ACTIVE],Must (1),AIOP-196,,AIOP-1217
[Beta Squad] Sample work item 1222,AIOP-1222,10001222,Story,To Do,AIOP,Perception & Parking SW Group,27/Apr/26 4:10 PM,,Beta Squad,tech-debt,2,,,14,PMD_25PI4_Sprint13 [ACTIVE],Could (3),AIOP-101,,
[Beta Squad] Sample work item 1223,AIOP-1223,10001223,Bug,Implementing,AIOP,Perception & Parking SW Group,29/Apr/26 12:26 PM,,Beta Squad,,3,,,12,PMD_25PI4_Sprint13 [ACTIVE],Must (1),AIOP-123,,
[Beta Squad] Sample work item 1224,AIOP-1224,10001224,Story,Review,AIOP,Perception & Parking SW Group,1/May/26 4:21 PM,,Beta Squad,frontend,3,,,10,PMD_25PI4_Sprint13 [ACTIVE],Won't (4),AIOP-142,,
[Gamma Squad] Sample work item 1225,AIOP-1225,10001225,Bug,Review,AIOP,Perception & Parking SW Group,5/Nov/25 2:08 PM,,Gamma Squad,ml,5,,,187,PMD_25PI4_Sprint1 [ACTIVE],Could (3),AIOP-162,,
[Gamma Squad] Sample work item 1226,AIOP-1226,10001226,Story,Done,AIOP,Perception & Parking SW Group,3/Nov/25 9:54 AM,27/Nov/25 9:54 AM,Gamma Squad,data-pipeline,3,,,,PMD_25PI4_Sprint1 [COMPLETED] + Sprint2 [COMPLETED],Must (1),AIOP-170,,
[Gamma Squad] Sample work item 1227,AIOP-1227,10001227,Story,Done,AIOP,Perception & Parking SW Group,7/Nov/25 5:05 PM,9/Nov/25 5:05 PM,Gamma Squad,,,,,,PMD_25PI4_Sprint1 [COMPLETED],Should (2),AIOP-196,,
[Gamma Squad] Sample work item 1228,AIOP-1228,10001228,Story,Done,AIOP,Perception & Parking SW Group,6/Nov/25 12:04 PM,21/Nov/25 12:04 PM,Gamma Squad,,3,,,,PMD_25PI4_Sprint1 [COMPLETED] + Sprint2 [COMPLETED],Won't (4),AIOP-158,,AIOP-1166
[Gamma Squad] Sample work item 1229,AIOP-1229,10001229,Story,In Progress,AIOP,Perception & Parking SW Group,6/Nov/25 2:37 PM,,Gamma Squad,ml,,,,186,PMD_25PI4_Sprint1 [ACTIVE],Should (2),AIOP-166,,
[Gamma Squad] Sample work item 1230,AIOP-1230,10001230,Bug,Review,AIOP,Perception & Parking SW Group,5/Nov/25 12:09 PM,,Gamma Squad,,2,,,188,PMD_25PI4_Sprint1 [ACTIVE],Should (2),AIOP-153,,
[Gamma Squad] Sample work item 1231,AIOP-1231,10001231,Story,Done,AIOP,Perception & Parking SW Group,14/Nov/25 9:57 AM,30/Nov/25 9:57 AM,Gamma Squad,infra,,Impediment,,,PMD_25PI4_Sprint1 [COMPLETED] + Sprint2 [COMPLETED],Won't (4),AIOP-176,,
[Gamma Squad] Sample work item 1232,AIOP-1232,10001232,Bug,Done,AIOP,Perception & Parking SW Group,12/Nov/25 10:13 AM,12/Dec/25 10:13 AM,Gamma Squad,,5,Impediment,Impediment,,PMD_25PI4_Sprint1 [COMPLETED] + Sprint2 [COMPLETED] + Sprint3 [COMPLETED],Should (2),AIOP-179,,
[Gamma Squad] Sample work item 1233,AIOP-1233,10001233,Story,Done,AIOP,Perception & Parking SW Group,13/Nov/25 10:14 AM,26/Nov/25 10:14 AM,Gamma Squad,backend,3,Impediment,,,PMD_25PI4_Sprint1 [COMPLETED] + Sprint2 [COMPLETED],Won't (4),AIOP-119,,
[Gamma Squad] Sample work item 1234,AIOP-1234,10001234,Bug,Done,AIOP,Perception & Parking SW Group,14/Nov/25 5:48 PM,23/Nov/25 5:48 PM,Gamma Squad,,1,,,,PMD_25PI4_Sprint1 [COMPLETED] + Sprint2 [COMPLETED],Won't (4),AIOP-166,,
[Gamma Squad] Sample work item 1235,AIOP-1235,10001235,Story,Done,AIOP,Perception & Parking SW Group,14/Nov/25 10:27 AM,22/Nov/25 10:27 AM,Gamma Squad,infra,5,,,,PMD_25PI4_Sprint1 [COMPLETED] + Sprint2 [COMPLETED],Won't (4),AIOP-132,,
[Gamma Squad] Sample work item 1236,AIOP-1236,10001236,Bug,Implementing,AIOP,Perception & Parking SW Group,10/Nov/25 5:00 PM,,Gamma Squad,infra,5,,,182,PMD_25PI4_Sprint1 [ACTIVE],Must (1),AIOP-119,,
[Gamma Squad] Sample work item 1237,AIOP-1237,10001237,Story,Done,AIOP,Perception & Parking SW Group,21/Nov/25 4:16 PM,1/Dec/25 4:16 PM,Gamma Squad,,8,,,,PMD_25PI4_Sprint2 [COMPLETED] + Sprint3 [COMPLETED],Should (2),AIOP-184,,
[Gamma Squad] Sample work item 1238,AIOP-1238,10001238,Story,Blocked,AIOP,Perception & Parking SW Group,26/Nov/25 5:39 PM,,Gamma Squad,ml,,Impediment,Impediment,166,PMD_25PI4_Sprint2 [ACTIVE],Must (1),AIOP-118,,
[Gamma Squad] Sample work item 1239,AIOP-1239,10001239,Bug,In Progress,AIOP,Perception & Parking SW Group,28/Nov/25 1:45 PM,,Gamma Squad,,2,,,164,PMD_25PI4_Sprint2 [ACTIVE],Won't (4),AIOP-156,AIOP-1217,
[Gamma Squad] Sample work item 1240,AIOP-1240,10001240,Story,Blocked,AIOP,Perception & Parking SW Group,24/Nov/25 5:33 PM,,Gamma Squad,backend,3,Impediment,,168,PMD_25PI4_Sprint2 [ACTIVE],Should (2),AIOP-111,,
[Gamma Squad] Sample work item 1241,AIOP-1241,10001241,Bug,Blocked,AIOP,Perception & Parking SW Group,28/Nov/25 2:22 PM,,Gamma Squad,frontend,5,Impediment,Impediment,164,PMD_25PI4_Sprint2 [ACTIVE],Must (1),AIOP-133,,
[Gamma Squad] Sample work item 1242,AIOP-1242,10001242,Story,Done,AIOP,Perception & Parking SW Group,27/Nov/25 3:36 PM,11/Dec/25 3:36 PM,Gamma Squad,tech-debt,5,,,,PMD_25PI4_Sprint2 [COMPLETED] + Sprint3 [COMPLETED],Must (1),AIOP-161,,AIOP-1162
[Gamma Squad] Sample work item 1243,AIOP-1243,10001243,Story,To Do,AIOP,Perception & Parking SW Group,25/Nov/25 2:26 PM,,Gamma Squad,tech-debt,13,,,167,PMD_25PI4_Sprint2 [ACTIVE],Should (2),AIOP-136,AIOP-1172,
[Gamma Squad] Sample work item 1244,AIOP-1244,10001244,Story,Done,AIOP,Perception & Parking SW Group,2/Dec/25 12:47 PM,28/Dec/25 12:47 PM,Gamma Squad,frontend,3,Impediment,Impediment,,PMD_25PI4_Sprint3 [COMPLETED] + Sprint4 [COMPLETED],Could (3),AIOP-119,,
[Gamma Squad] Sample work item 1245,AIOP-1245,10001245,Story,To Do,AIOP,Perception & Parking SW Group,3/Dec/25 4:57 PM,,Gamma Squad,ml,2,,,159,PMD_25PI4_Sprint3 [ACTIVE],Could (3),AIOP-150,,
[Gamma Squad] Sample work item 1246,AIOP-1246,10001246,Story,Done,AIOP,Perception & Parking SW Group,1/Dec/25 5:29 PM,26/Dec/25 5:29 PM,Gamma Squad,backend,3,,,,PMD_25PI4_Sprint3 [COMPLETED] + Sprint4 [COMPLETED],Could (3),AIOP-123,,
[Gamma Squad] Sample work item 1247,AIOP-1247,10001247,Story,Done,AIOP,Perception & Parking SW Group,3/Dec/25 2:54 PM,7/Dec/25 2:54 PM,Gamma Squad,tech-debt,3,,,,PMD_25PI4_Sprint3 [COMPLETED],Must (1),AIOP-192,,
[Gamma Squad] Sample work item 1248,AIOP-1248,10001248,Task,Done,AIOP,Perception & Parking SW Group,2/Dec/25 3:31 PM,24/Dec/25 3:31 PM,Gamma Squad,infra,8,,,,PMD_25PI4_Sprint3 [COMPLETED] + Sprint4 [COMPLETED],Could (3),AIOP-132,,
[Gamma Squad] Sample work item 1249,AIOP-1249,10001249,Story,Done,AIOP,Perception & Parking SW Group,10/Dec/25 2:35 PM,20/Dec/25 2:35 PM,Gamma Squad,infra,1,,,,PMD_25PI4_Sprint3 [COMPLETED] + Sprint4 [COMPLETED],Must (1),AIOP-144,,
[Gamma Squad] Sample work item 1250,AIOP-1250,10001250,Task,Implementing,AIOP,Perception & Parking SW Group,11/Dec/25 1:29 PM,,Gamma Squad,tech-debt,8,,,151,PMD_25PI4_Sprint3 [ACTIVE],Could (3),AIOP-153,,
[Gamma Squad] Sample work item 1251,AIOP-1251,10001251,Story,Done,AIOP,Perception & Parking SW Group,9/Dec/25 2:14 PM,22/Dec/25 2:14 PM,Gamma Squad,tech-debt,3,,,,PMD_25PI4_Sprint3 [COMPLETED] + Sprint4 [COMPLETED],Won't (4),AIOP-134,,
[Gamma Squad] Sample work item 1252,AIOP-1252,10001252,Bug,Done,AIOP,Perception & Parking SW Group,12/Dec/25 4:26 PM,28/Dec/25 4:26 PM,Gamma Squad,infra,,Impediment,,,PMD_25PI4_Sprint3 [COMPLETED] + Sprint4 [COMPLETED],Must (1),AIOP-126,,
[Gamma Squad] Sample work item 1253,AIOP-1253,10001253,Bug,In Progress,AIOP,Perception & Parking SW Group,8/Dec/25 10:16 AM,,Gamma Squad,ml,3,,,155,PMD_25PI4_Sprint3 [ACTIVE],Should (2),AIOP-194,,
[Gamma Squad] Sample work item 1254,AIOP-1254,10001254,Task,Funnel,AIOP,Perception & Parking SW Group,12/Dec/25 4:08 PM,,Gamma Squad,data-pipeline,5,,,150,PMD_25PI4_Sprint3 [ACTIVE],Won't (4),AIOP-167,,
[Gamma Squad] Sample work item 1255,AIOP-1255,10001255,Bug,Done,AIOP,Perception & Parking SW Group,15/Dec/25 4:19 PM,28/Dec/25 4:19 PM,Gamma Squad,,8,Impediment,Impediment,,PMD_25PI4_Sprint4 [COMPLETED],Could (3),AIOP-160,,
[Gamma Squad] Sample work item 1256,AIOP-1256,10001256,Bug,Done,AIOP,Perception & Parking SW Group,15/Dec/25 5:23 PM,4/Jan/26 5:23 PM,Gamma Squad,tech-debt,8,Impediment,Impediment,,PMD_25PI4_Sprint4 [COMPLETED] + Sprint5 [COMPLETED],Won't (4),AIOP-128,,
[Gamma Squad] Sample work item 1257,AIOP-1257,10001257,Story,Done,AIOP,Perception & Parking SW Group,15/Dec/25 11:08 AM,21/Dec/25 11:08 AM,Gamma Squad,data-pipeline,5,Impediment,Impediment,,PMD_25PI4_Sprint4 [COMPLETED],Should (2),AIOP-106,,AIOP-1052
[Gamma Squad] Sample work item 1258,AIOP-1258,10001258,Story,Review,AIOP,Perception & Parking SW Group,15/Dec/25 4:13 PM,,Gamma Squad,ml,,,,147,PMD_25PI4_Sprint4 [ACTIVE],Won't (4),AIOP-189,,
[Gamma Squad] Sample work item 1259,AIOP-1259,10001259,Spike,To Do,AIOP,Perception & Parking SW Group,15/Dec/25 1:49 PM,,Gamma Squad,frontend,,,,147,PMD_25PI4_Sprint4 [ACTIVE],Could (3),AIOP-148,,
[Gamma Squad] Sample work item 1260,AIOP-1260,10001260,Story,Done,AIOP,Perception & Parking SW Group,22/Dec/25 12:29 PM,18/Jan/26 12:29 PM,Gamma Squad,tech-debt,,Impediment,Impediment,,PMD_25PI4_Sprint4 [COMPLETED] + Sprint5 [COMPLETED] + Sprint6 [COMPLETED],Could (3),AIOP-141,,
[Gamma Squad] Sample work item 1261,AIOP-1261,10001261,Bug,Implementing,AIOP,Perception & Parking SW Group,22/Dec/25 1:30 PM,,Gamma Squad,backend,13,,,140,PMD_25PI4_Sprint4 [ACTIVE],Should (2),AIOP-114,,
[Gamma Squad] Sample work item 1262,AIOP-1262,10001262,Story,Done,AIOP,Perception & Parking SW Group,22/Dec/25 12:10 PM,31/Dec/25 12:10 PM,Gamma Squad,infra,,,,,PMD_25PI4_Sprint4 [COMPLETED] + Sprint5 [COMPLETED],Must (1),AIOP-107,,
[Gamma Squad] Sample work item 1263,AIOP-1263,10001263,Bug,Review,AIOP,Perception & Parking SW Group,22/Dec/25 3:22 PM,,Gamma Squad,ml,8,,,140,PMD_25PI4_Sprint4 [ACTIVE],Could (3),AIOP-169,,
[Gamma Squad] Sample work item 1264,AIOP-1264,10001264,Story,Done,AIOP,Perception & Parking SW Group,26/Dec/25 11:28 AM,8/Jan/26 11:28 AM,Gamma Squad,tech-debt,5,Impediment,,,PMD_25PI4_Sprint4 [COMPLETED] + Sprint5 [COMPLETED],Must (1),AIOP-179,,
[Gamma Squad] Sample work item 1265,AIOP-1265,10001265,Story,Blocked,AIOP,Perception & Parking SW Group,31/Dec/25 2:26 PM,,Gamma Squad,tech-debt,2,Impediment,,131,PMD_25PI4_Sprint5 [ACTIVE],Should (2),AIOP-122,,
[Gamma Squad] Sample work item 1266,AIOP-1266,10001266,Bug,Done,AIOP,Perception & Parking SW Group,31/Dec/25 9:23 AM,13/Jan/26 9:23 AM,Gamma Squad,tech-debt,5,,,,PMD_25PI4_Sprint5 [COMPLETED] + Sprint6 [COMPLETED],Must (1),AIOP-159,,AIOP-1212
[Gamma Squad] Sample work item 1267,AIOP-1267,10001267,Bug,In Progress,AIOP,Perception & Parking SW Group,29/Dec/25 1:33 PM,,Gamma Squad,,3,,,133,PMD_25PI4_Sprint5 [ACTIVE],Should (2),AIOP-166,AIOP-1118,
[Gamma Squad] Sample work item 1268,AIOP-1268,10001268,Story,Done,AIOP,Perception & Parking SW Group,5/Jan/26 11:50 AM,25/Jan/26 11:50 AM,Gamma Squad,infra,8,,,,PMD_25PI4_Sprint5 [COMPLETED] + Sprint6 [COMPLETED],Won't (4),AIOP-145,,
[Gamma Squad] Sample work item 1269,AIOP-1269,10001269,Task,Blocked,AIOP,Perception & Parking SW Group,8/Jan/26 3:52 PM,,Gamma Squad,data-pipeline,3,Impediment,,123,PMD_25PI4_Sprint5 [ACTIVE],Could (3),AIOP-146,,
[Gamma Squad] Sample work item 1270,AIOP-1270,10001270,Story,Funnel,AIOP,Perception & Parking SW Group,7/Jan/26 9:49 AM,,Gamma Squad,data-pipeline,5,,,125,PMD_25PI4_Sprint5 [ACTIVE],Should (2),AIOP-112,AIOP-1182,
[Gamma Squad] Sample work item 1271,AIOP-1271,10001271,Bug,Blocked,AIOP,Perception & Parking SW Group,6/Jan/26 10:46 AM,,Gamma Squad,,,Impediment,,126,PMD_25PI4_Sprint5 [ACTIVE],Must (1),AIOP-176,,AIOP-1195
[Gamma Squad] Sample work item 1272,AIOP-1272,10001272,Bug,Blocked,AIOP,Perception & Parking SW Group,16/Jan/26 9:40 AM,,Gamma Squad,data-pipeline,1,Impediment,,116,PMD_25PI4_Sprint6 [ACTIVE],Should (2),AIOP-141,,
[Gamma Squad] Sample work item 1273,AIOP-1273,10001273,Bug,Done,AIOP,Perception & Parking SW Group,13/Jan/26 11:21 AM,24/Jan/26 11:21 AM,Gamma Squad,backend,5,,,,PMD_25PI4_Sprint6 [COMPLETED],Could (3),AIOP-110,,
[Gamma Squad] Sample work item 1274,AIOP-1274,10001274,Story,Blocked,AIOP,Perception & Parking SW Group,14/Jan/26 3:20 PM,,Gamma Squad,tech-debt,5,Impediment,Impediment,117,PMD_25PI4_Sprint6 [ACTIVE],Should (2),AIOP-141,,
[Gamma Squad] Sample work item 1275,AIOP-1275,10001275,Story,Done,AIOP,Perception & Parking SW Group,14/Jan/26 4:39 PM,28/Jan/26 4:39 PM,Gamma Squad,,3,Impediment,,,PMD_25PI4_Sprint6 [COMPLETED] + Sprint7 [COMPLETED],Should (2),AIOP-196,,AIOP-1027
[Gamma Squad] Sample work item 1276,AIOP-1276,10001276,Story,Blocked,AIOP,Perception & Parking SW Group,12/Jan/26 2:13 PM,,Gamma Squad,data-pipeline,8,Impediment,,119,PMD_25PI4_Sprint6 [ACTIVE],Should (2),AIOP-188,,AIOP-1269
[Gamma Squad] Sample work item 1277,AIOP-1277,10001277,Bug,Done,AIOP,Perception & Parking SW Group,21/Jan/26 10:01 AM,3/Feb/26 10:01 AM,Gamma Squad,ml,3,,,,PMD_25PI4_Sprint6 [COMPLETED] + Sprint7 [COMPLETED],Won't (4),AIOP-165,,AIOP-1161
[Gamma Squad] Sample work item 1278,AIOP-1278,10001278,Story,Done,AIOP,Perception & Parking SW Group,23/Jan/26 1:21 PM,14/Feb/26 1:21 PM,Gamma Squad,backend,3,,,,PMD_25PI4_Sprint6 [COMPLETED] + Sprint7 [COMPLETED] + Sprint8 [COMPLETED],Could (3),AIOP-145,,
[Gamma Squad] Sample work item 1279,AIOP-1279,10001279,Bug,In Progress,AIOP,Perception & Parking SW Group,19/Jan/26 1:56 PM,,Gamma Squad,infra,3,,,112,PMD_25PI4_Sprint6 [ACTIVE],Could (3),AIOP-150,,AIOP-1195
[Gamma Squad] Sample work item 1280,AIOP-1280,10001280,Story,Implementing,AIOP,Perception & Parking SW Group,20/Jan/26 5:43 PM,,Gamma Squad,tech-debt,,,,111,PMD_25PI4_Sprint6 [ACTIVE],Should (2),AIOP-155,,
[Gamma Squad] Sample work item 1281,AIOP-1281,10001281,Spike,Funnel,AIOP,Perception & Parking SW Group,28/Jan/26 4:47 PM,,Gamma Squad,infra,2,,,103,PMD_25PI4_Sprint7 [ACTIVE],Should (2),AIOP-113,,AIOP-1136
[Gamma Squad] Sample work item 1282,AIOP-1282,10001282,Bug,Blocked,AIOP,Perception & Parking SW Group,29/Jan/26 11:32 AM,,Gamma Squad,infra,2,,,103,PMD_25PI4_Sprint7 [ACTIVE],Won't (4),AIOP-162,,
[Gamma Squad] Sample work item 1283,AIOP-1283,10001283,Story,Done,AIOP,Perception & Parking SW Group,29/Jan/26 4:44 PM,10/Feb/26 4:44 PM,Gamma Squad,frontend,5,,,,PMD_25PI4_Sprint7 [COMPLETED] + Sprint8 [COMPLETED],Must (1),AIOP-177,,
[Gamma Squad] Sample work item 1284,AIOP-1284,10001284,Bug,Done,AIOP,Perception & Parking SW Group,29/Jan/26 9:35 AM,10/Feb/26 9:35 AM,Gamma Squad,backend,3,,,,PMD_25PI4_Sprint7 [COMPLETED] + Sprint8 [COMPLETED],Won't (4),AIOP-150,,
[Gamma Squad] Sample work item 1285,AIOP-1285,10001285,Story,Funnel,AIOP,Perception & Parking SW Group,6/Feb/26 10:11 AM,,Gamma Squad,ml,5,,,95,PMD_25PI4_Sprint7 [ACTIVE],Won't (4),AIOP-103,,
[Gamma Squad] Sample work item 1286,AIOP-1286,10001286,Story,Done,AIOP,Perception & Parking SW Group,5/Feb/26 10:16 AM,11/Feb/26 10:16 AM,Gamma Squad,tech-debt,2,Impediment,Impediment,,PMD_25PI4_Sprint7 [COMPLETED] + Sprint8 [COMPLETED],Won't (4),AIOP-181,,
[Gamma Squad] Sample work item 1287,AIOP-1287,10001287,Bug,Implementing,AIOP,Perception & Parking SW Group,4/Feb/26 11:10 AM,,Gamma Squad,backend,5,,,97,PMD_25PI4_Sprint7 [ACTIVE],Could (3),AIOP-193,,
[Gamma Squad] Sample work item 1288,AIOP-1288,10001288,Task,Blocked,AIOP,Perception & Parking SW Group,6/Feb/26 9:38 AM,,Gamma Squad,tech-debt,5,Impediment,Impediment,95,PMD_25PI4_Sprint7 [ACTIVE],Must (1),AIOP-176,,
[Gamma Squad] Sample work item 1289,AIOP-1289,10001289,Story,Blocked,AIOP,Perception & Parking SW Group,2/Feb/26 1:21 PM,,Gamma Squad,frontend,2,Impediment,Impediment,98,PMD_25PI4_Sprint7 [ACTIVE],Should (2),AIOP-158,,
[Gamma Squad] Sample work item 1290,AIOP-1290,10001290,Story,Done,AIOP,Perception & Parking SW Group,4/Feb/26 2:33 PM,5/Mar/26 2:33 PM,Gamma Squad,frontend,5,Impediment,Impediment,,PMD_25PI4_Sprint7 [COMPLETED] + Sprint8 [COMPLETED] + Sprint9 [COMPLETED],Must (1),AIOP-161,,
[Gamma Squad] Sample work item 1291,AIOP-1291,10001291,Bug,To Do,AIOP,Perception & Parking SW Group,5/Feb/26 2:16 PM,,Gamma Squad,frontend,5,,,95,PMD_25PI4_Sprint7 [ACTIVE],Won't (4),AIOP-166,,
[Gamma Squad] Sample work item 1292,AIOP-1292,10001292,Spike,Done,AIOP,Perception & Parking SW Group,9/Feb/26 10:01 AM,19/Feb/26 10:01 AM,Gamma Squad,tech-debt,13,,,,PMD_25PI4_Sprint8 [COMPLETED],Won't (4),AIOP-152,AIOP-1179,
[Gamma Squad] Sample work item 1293,AIOP-1293,10001293,Story,Done,AIOP,Perception & Parking SW Group,13/Feb/26 2:49 PM,17/Feb/26 2:49 PM,Gamma Squad,infra,5,,,,PMD_25PI4_Sprint8 [COMPLETED],Must (1),AIOP-122,,
[Gamma Squad] Sample work item 1294,AIOP-1294,10001294,Story,Done,AIOP,Perception & Parking SW Group,12/Feb/26 9:41 AM,2/Mar/26 9:41 AM,Gamma Squad,infra,5,,,,PMD_25PI4_Sprint8 [COMPLETED] + Sprint9 [COMPLETED],Won't (4),AIOP-195,AIOP-1266,
[Gamma Squad] Sample work item 1295,AIOP-1295,10001295,Story,Review,AIOP,Perception & Parking SW Group,13/Feb/26 9:13 AM,,Gamma Squad,,3,,,88,PMD_25PI4_Sprint8 [ACTIVE],Should (2),AIOP-135,,
[Gamma Squad] Sample work item 1296,AIOP-1296,10001296,Task,Done,AIOP,Perception & Parking SW Group,11/Feb/26 2:45 PM,16/Feb/26 2:45 PM,Gamma Squad,ml,13,Impediment,Impediment,,PMD_25PI4_Sprint8 [COMPLETED],Could (3),AIOP-122,,
[Gamma Squad] Sample work item 1297,AIOP-1297,10001297,Task,Blocked,AIOP,Perception & Parking SW Group,12/Feb/26 5:01 PM,,Gamma Squad,infra,,Impediment,,88,PMD_25PI4_Sprint8 [ACTIVE],Could (3),AIOP-199,,
[Gamma Squad] Sample work item 1298,AIOP-1298,10001298,Bug,Done,AIOP,Perception & Parking SW Group,20/Feb/26 10:21 AM,10/Mar/26 10:21 AM,Gamma Squad,data-pipeline,8,Impediment,,,PMD_25PI4_Sprint8 [COMPLETED] + Sprint9 [COMPLETED] + Sprint10 [COMPLETED],Must (1),AIOP-173,,
[Gamma Squad] Sample work item 1299,AIOP-1299,10001299,Story,Done,AIOP,Perception & Parking SW Group,17/Feb/26 1:07 PM,9/Mar/26 1:07 PM,Gamma Squad,data-pipeline,2,,,,PMD_25PI4_Sprint8 [COMPLETED] + Sprint9 [COMPLETED] + Sprint10 [COMPLETED],Could (3),AIOP-170,,
[Gamma Squad] Sample work item 1300,AIOP-1300,10001300,Story,Done,AIOP,Perception & Parking SW Group,17/Feb/26 11:04 AM,10/Mar/26 11:04 AM,Gamma Squad,backend,5,Impediment,,,PMD_25PI4_Sprint8 [COMPLETED] + Sprint9 [COMPLETED] + Sprint10 [COMPLETED],Must (1),AIOP-149,AIOP-1218,
[Gamma Squad] Sample work item 1301,AIOP-1301,10001301,Task,Done,AIOP,Perception & Parking SW Group,19/Feb/26 2:19 PM,26/Feb/26 2:19 PM,Gamma Squad,,8,Impediment,,,PMD_25PI4_Sprint8 [COMPLETED] + Sprint9 [COMPLETED],Won't (4),AIOP-172,,
[Gamma Squad] Sample work item 1302,AIOP-1302,10001302,Story,Blocked,AIOP,Perception & Parking SW Group,19/Feb/26 1:43 PM,,Gamma Squad,frontend,2,,,81,PMD_25PI4_Sprint8 [ACTIVE],Could (3),AIOP-146,,
[Gamma Squad] Sample work item 1303,AIOP-1303,10001303,Bug,Done,AIOP,Perception & Parking SW Group,27/Feb/26 11:32 AM,18/Mar/26 11:32 AM,Gamma Squad,tech-debt,2,,,,PMD_25PI4_Sprint9 [COMPLETED] + Sprint10 [COMPLETED],Could (3),AIOP-168,,
[Gamma Squad] Sample work item 1304,AIOP-1304,10001304,Story,To Do,AIOP,Perception & Parking SW Group,24/Feb/26 3:50 PM,,Gamma Squad,data-pipeline,8,,,76,PMD_25PI4_Sprint9 [ACTIVE],Should (2),AIOP-184,,
[Gamma Squad] Sample work item 1305,AIOP-1305,10001305,Task,Done,AIOP,Perception & Parking SW Group,23/Feb/26 4:20 PM,11/Mar/26 4:20 PM,Gamma Squad,backend,5,,,,PMD_25PI4_Sprint9 [COMPLETED] + Sprint10 [COMPLETED],Won't (4),AIOP-141,,
[Gamma Squad] Sample work item 1306,AIOP-1306,10001306,Bug,Done,AIOP,Perception & Parking SW Group,26/Feb/26 5:18 PM,7/Mar/26 5:18 PM,Gamma Squad,infra,3,,,,PMD_25PI4_Sprint9 [COMPLETED],Could (3),AIOP-155,,
[Gamma Squad] Sample work item 1307,AIOP-1307,10001307,Bug,Blocked,AIOP,Perception & Parking SW Group,27/Feb/26 5:25 PM,,Gamma Squad,data-pipeline,,Impediment,Impediment,73,PMD_25PI4_Sprint9 [ACTIVE],Could (3),AIOP-114,,
[Gamma Squad] Sample work item 1308,AIOP-1308,10001308,Story,Blocked,AIOP,Perception & Parking SW Group,6/Mar/26 3:53 PM,,Gamma Squad,,8,Impediment,Impediment,66,PMD_25PI4_Sprint9 [ACTIVE],Must (1),AIOP-182,AIOP-1249,
[Gamma Squad] Sample work item 1309,AIOP-1309,10001309,Story,Done,AIOP,Perception & Parking SW Group,3/Mar/26 3:55 PM,13/Mar/26 3:55 PM,Gamma Squad,data-pipeline,,,,,PMD_25PI4_Sprint9 [COMPLETED] + Sprint10 [COMPLETED],Should (2),AIOP-158,,
[Gamma Squad] Sample work item 1310,AIOP-1310,10001310,Bug,Done,AIOP,Perception & Parking SW Group,12/Mar/26 5:36 PM,5/Apr/26 5:36 PM,Gamma Squad,backend,5,,,,PMD_25PI4_Sprint10 [COMPLETED] + Sprint11 [COMPLETED],Must (1),AIOP-118,,
[Gamma Squad] Sample work item 1311,AIOP-1311,10001311,Bug,Done,AIOP,Perception & Parking SW Group,11/Mar/26 4:33 PM,23/Mar/26 4:33 PM,Gamma Squad,backend,3,,,,PMD_25PI4_Sprint10 [COMPLETED] + Sprint11 [COMPLETED],Must (1),AIOP-187,,
[Gamma Squad] Sample work item 1312,AIOP-1312,10001312,Bug,Blocked,AIOP,Perception & Parking SW Group,11/Mar/26 3:22 PM,,Gamma Squad,backend,8,Impediment,,61,PMD_25PI4_Sprint10 [ACTIVE],Could (3),AIOP-193,,
[Gamma Squad] Sample work item 1313,AIOP-1313,10001313,Story,Blocked,AIOP,Perception & Parking SW Group,13/Mar/26 10:54 AM,,Gamma Squad,infra,3,Impediment,Impediment,60,PMD_25PI4_Sprint10 [ACTIVE],Must (1),AIOP-177,,
[Gamma Squad] Sample work item 1314,AIOP-1314,10001314,Task,Implementing,AIOP,Perception & Parking SW Group,11/Mar/26 10:09 AM,,Gamma Squad,,,,,62,PMD_25PI4_Sprint10 [ACTIVE],Won't (4),AIOP-130,,
[Gamma Squad] Sample work item 1315,AIOP-1315,10001315,Story,Blocked,AIOP,Perception & Parking SW Group,12/Mar/26 1:30 PM,,Gamma Squad,tech-debt,8,Impediment,Impediment,60,PMD_25PI4_Sprint10 [ACTIVE],Should (2),AIOP-167,,AIOP-1229
[Gamma Squad] Sample work item 1316,AIOP-1316,10001316,Story,Blocked,AIOP,Perception & Parking SW Group,11/Mar/26 10:16 AM,,Gamma Squad,tech-debt,8,,,62,PMD_25PI4_Sprint10 [ACTIVE],Should (2),AIOP-166,,
[Gamma Squad] Sample work item 1317,AIOP-1317,10001317,Bug,Blocked,AIOP,Perception & Parking SW Group,12/Mar/26 2:14 PM,,Gamma Squad,backend,5,Impediment,Impediment,60,PMD_25PI4_Sprint10 [ACTIVE],Should (2),AIOP-176,,
[Gamma Squad] Sample work item 1318,AIOP-1318,10001318,Story,Blocked,AIOP,Perception & Parking SW Group,16/Mar/26 4:59 PM,,Gamma Squad,tech-debt,8,,,56,PMD_25PI4_Sprint10 [ACTIVE],Could (3),AIOP-132,,AIOP-1031
[Gamma Squad] Sample work item 1319,AIOP-1319,10001319,Spike,Done,AIOP,Perception & Parking SW Group,17/Mar/26 3:11 PM,30/Mar/26 3:11 PM,Gamma Squad,data-pipeline,8,Impediment,Impediment,,PMD_25PI4_Sprint10 [COMPLETED] + Sprint11 [COMPLETED],Must (1),AIOP-156,,
[Gamma Squad] Sample work item 1320,AIOP-1320,10001320,Bug,Done,AIOP,Perception & Parking SW Group,18/Mar/26 11:44 AM,30/Mar/26 11:44 AM,Gamma Squad,backend,5,,,,PMD_25PI4_Sprint10 [COMPLETED] + Sprint11 [COMPLETED],Won't (4),AIOP-161,,
[Gamma Squad] Sample work item 1321,AIOP-1321,10001321,Bug,Done,AIOP,Perception & Parking SW Group,20/Mar/26 12:00 PM,28/Mar/26 12:00 PM,Gamma Squad,data-pipeline,,Impediment,Impediment,,PMD_25PI4_Sprint10 [COMPLETED] + Sprint11 [COMPLETED],Could (3),AIOP-151,AIOP-1046,
[Gamma Squad] Sample work item 1322,AIOP-1322,10001322,Story,Done,AIOP,Perception & Parking SW Group,19/Mar/26 1:41 PM,20/Mar/26 1:41 PM,Gamma Squad,ml,8,,,,PMD_25PI4_Sprint10 [COMPLETED],Could (3),AIOP-189,,
[Gamma Squad] Sample work item 1323,AIOP-1323,10001323,Story,To Do,AIOP,Perception & Parking SW Group,20/Mar/26 12:31 PM,,Gamma Squad,ml,5,,,52,PMD_25PI4_Sprint10 [ACTIVE],Won't (4),AIOP-102,AIOP-1028,
[Gamma Squad] Sample work item 1324,AIOP-1324,10001324,Story,Blocked,AIOP,Perception & Parking SW Group,17/Mar/26 5:29 PM,,Gamma Squad,data-pipeline,3,Impediment,Impediment,55,PMD_25PI4_Sprint10 [ACTIVE],Should (2),AIOP-162,,
[Gamma Squad] Sample work item 1325,AIOP-1325,10001325,Story,Done,AIOP,Perception & Parking SW Group,24/Mar/26 9:11 AM,19/Apr/26 9:11 AM,Gamma Squad,data-pipeline,2,Impediment,,,PMD_25PI4_Sprint11 [COMPLETED] + Sprint12 [COMPLETED],Must (1),AIOP-114,,
[Gamma Squad] Sample work item 1326,AIOP-1326,10001326,Story,Done,AIOP,Perception & Parking SW Group,27/Mar/26 5:08 PM,15/Apr/26 5:08 PM,Gamma Squad,frontend,3,Impediment,Impediment,,PMD_25PI4_Sprint11 [COMPLETED] + Sprint12 [COMPLETED],Should (2),AIOP-196,,
[Gamma Squad] Sample work item 1327,AIOP-1327,10001327,Story,Done,AIOP,Perception & Parking SW Group,27/Mar/26 3:49 PM,12/Apr/26 3:49 PM,Gamma Squad,backend,8,Impediment,,,PMD_25PI4_Sprint11 [COMPLETED] + Sprint12 [COMPLETED],Could (3),AIOP-153,,
[Gamma Squad] Sample work item 1328,AIOP-1328,10001328,Story,Done,AIOP,Perception & Parking SW Group,24/Mar/26 9:38 AM,25/Mar/26 9:38 AM,Gamma Squad,,3,,,,PMD_25PI4_Sprint11 [COMPLETED],Won't (4),AIOP-100,,
[Gamma Squad] Sample work item 1329,AIOP-1329,10001329,Spike,To Do,AIOP,Perception & Parking SW Group,27/Mar/26 2:55 PM,,Gamma Squad,ml,8,,,45,PMD_25PI4_Sprint11 [ACTIVE],Should (2),AIOP-135,AIOP-1057,
[Gamma Squad] Sample work item 1330,AIOP-1330,10001330,Bug,Done,AIOP,Perception & Parking SW Group,2/Apr/26 9:06 AM,24/Apr/26 9:06 AM,Gamma Squad,frontend,2,,,,PMD_25PI4_Sprint11 [COMPLETED] + Sprint12 [COMPLETED] + Sprint13 [COMPLETED],Must (1),AIOP-162,,AIOP-1120
[Gamma Squad] Sample work item 1331,AIOP-1331,10001331,Bug,Blocked,AIOP,Perception & Parking SW Group,1/Apr/26 3:12 PM,,Gamma Squad,backend,3,Impediment,Impediment,40,PMD_25PI4_Sprint11 [ACTIVE],Won't (4),AIOP-125,,
[Gamma Squad] Sample work item 1332,AIOP-1332,10001332,Story,Done,AIOP,Perception & Parking SW Group,31/Mar/26 2:17 PM,16/Apr/26 2:17 PM,Gamma Squad,tech-debt,5,Impediment,Impediment,,PMD_25PI4_Sprint11 [COMPLETED] + Sprint12 [COMPLETED],Must (1),AIOP-159,,
[Gamma Squad] Sample work item 1333,AIOP-1333,10001333,Story,To Do,AIOP,Perception & Parking SW Group,3/Apr/26 4:55 PM,,Gamma Squad,ml,3,,,38,PMD_25PI4_Sprint11 [ACTIVE],Won't (4),AIOP-194,,
[Gamma Squad] Sample work item 1334,AIOP-1334,10001334,Story,Funnel,AIOP,Perception & Parking SW Group,10/Apr/26 3:30 PM,,Gamma Squad,ml,5,,,31,PMD_25PI4_Sprint12 [ACTIVE],Must (1),AIOP-171,,
[Gamma Squad] Sample work item 1335,AIOP-1335,10001335,Story,Done,AIOP,Perception & Parking SW Group,8/Apr/26 11:45 AM,12/Apr/26 11:45 AM,Gamma Squad,ml,8,,,,PMD_25PI4_Sprint12 [COMPLETED],Won't (4),AIOP-123,,
[Gamma Squad] Sample work item 1336,AIOP-1336,10001336,Task,Done,AIOP,Perception & Parking SW Group,8/Apr/26 5:02 PM,22/Apr/26 5:02 PM,Gamma Squad,data-pipeline,8,,,,PMD_25PI4_Sprint12 [COMPLETED] + Sprint13 [COMPLETED],Must (1),AIOP-179,,
[Gamma Squad] Sample work item 1337,AIOP-1337,10001337,Story,Done,AIOP,Perception & Parking SW Group,10/Apr/26 9:23 AM,16/Apr/26 9:23 AM,Gamma Squad,,3,,,,PMD_25PI4_Sprint12 [COMPLETED],Could (3),AIOP-130,,
[Gamma Squad] Sample work item 1338,AIOP-1338,10001338,Bug,Done,AIOP,Perception & Parking SW Group,7/Apr/26 12:20 PM,10/Apr/26 12:20 PM,Gamma Squad,tech-debt,5,Impediment,Impediment,,PMD_25PI4_Sprint12 [COMPLETED],Could (3),AIOP-144,,
[Gamma Squad] Sample work item 1339,AIOP-1339,10001339,Story,To Do,AIOP,Perception & Parking SW Group,10/Apr/26 5:57 PM,,Gamma Squad,tech-debt,,,,31,PMD_25PI4_Sprint12 [ACTIVE],Must (1),AIOP-124,,
[Gamma Squad] Sample work item 1340,AIOP-1340,10001340,Story,Blocked,AIOP,Perception & Parking SW Group,7/Apr/26 5:40 PM,,Gamma Squad,data-pipeline,,,,34,PMD_25PI4_Sprint12 [ACTIVE],Won't (4),AIOP-144,,
[Gamma Squad] Sample work item 1341,AIOP-1341,10001341,Bug,To Do,AIOP,Perception & Parking SW Group,8/Apr/26 4:37 PM,,Gamma Squad,ml,5,,,33,PMD_25PI4_Sprint12 [ACTIVE],Should (2),AIOP-139,,
[Gamma Squad] Sample work item 1342,AIOP-1342,10001342,Bug,Done,AIOP,Perception & Parking SW Group,15/Apr/26 11:11 AM,30/Apr/26 11:11 AM,Gamma Squad,tech-debt,8,,,,PMD_25PI4_Sprint12 [COMPLETED] + Sprint13 [COMPLETED],Should (2),AIOP-130,,
[Gamma Squad] Sample work item 1343,AIOP-1343,10001343,Spike,Implementing,AIOP,Perception & Parking SW Group,14/Apr/26 2:28 PM,,Gamma Squad,backend,,,,27,PMD_25PI4_Sprint12 [ACTIVE],Won't (4),AIOP-163,,
[Gamma Squad] Sample work item 1344,AIOP-1344,10001344,Story,Done,AIOP,Perception & Parking SW Group,24/Apr/26 5:21 PM,3/May/26 5:21 PM,Gamma Squad,,,,,,PMD_25PI4_Sprint13 [COMPLETED],Should (2),AIOP-172,,
[Gamma Squad] Sample work item 1345,AIOP-1345,10001345,Bug,In Progress,AIOP,Perception & Parking SW Group,20/Apr/26 1:01 PM,,Gamma Squad,data-pipeline,8,,,21,PMD_25PI4_Sprint13 [ACTIVE],Should (2),AIOP-200,,
[Gamma Squad] Sample work item 1346,AIOP-1346,10001346,Story,Review,AIOP,Perception & Parking SW Group,24/Apr/26 5:03 PM,,Gamma Squad,tech-debt,13,,,17,PMD_25PI4_Sprint13 [ACTIVE],Could (3),AIOP-149,,
[Gamma Squad] Sample work item 1347,AIOP-1347,10001347,Story,Blocked,AIOP,Perception & Parking SW Group,23/Apr/26 3:08 PM,,Gamma Squad,frontend,3,Impediment,,18,PMD_25PI4_Sprint13 [ACTIVE],Could (3),AIOP-108,,
[Gamma Squad] Sample work item 1348,AIOP-1348,10001348,Story,Done,AIOP,Perception & Parking SW Group,24/Apr/26 11:12 AM,30/Apr/26 11:12 AM,Gamma Squad,,3,Impediment,,,PMD_25PI4_Sprint13 [COMPLETED],Won't (4),AIOP-171,,
[Gamma Squad] Sample work item 1349,AIOP-1349,10001349,Story,Funnel,AIOP,Perception & Parking SW Group,30/Apr/26 10:41 AM,,Gamma Squad,backend,2,,,12,PMD_25PI4_Sprint13 [ACTIVE],Could (3),AIOP-163,,AIOP-1185
[Gamma Squad] Sample work item 1350,AIOP-1350,10001350,Bug,Blocked,AIOP,Perception & Parking SW Group,27/Apr/26 1:10 PM,,Gamma Squad,frontend,1,Impediment,Impediment,14,PMD_25PI4_Sprint13 [ACTIVE],Could (3),AIOP-106,,
[Gamma Squad] Sample work item 1351,AIOP-1351,10001351,Bug,To Do,AIOP,Perception & Parking SW Group,28/Apr/26 10:38 AM,,Gamma Squad,infra,13,,,14,PMD_25PI4_Sprint13 [ACTIVE],Could (3),AIOP-134,,
[Gamma Squad] Sample work item 1352,AIOP-1352,10001352,Task,Implementing,AIOP,Perception & Parking SW Group,28/Apr/26 10:13 AM,,Gamma Squad,,,,,14,PMD_25PI4_Sprint13 [ACTIVE],Must (1),AIOP-153,,AIOP-1067
[Gamma Squad] Sample work item 1353,AIOP-1353,10001353,Story,Blocked,AIOP,Perception & Parking SW Group,29/Apr/26 2:08 PM,,Gamma Squad,infra,1,Impediment,,12,PMD_25PI4_Sprint13 [ACTIVE],Should (2),AIOP-116,,
